file_path,line_number,component,category,priority,comment
muxi/formation/background/time_estimator.py,75,,UNCATEGORIZED,LOW,#  Debug - TODO: add observability
muxi/formation/background/time_estimator.py,86,,System/Error,LOW,#  Error - TODO: add observability
muxi/formation/background/time_estimator.py,122,,UNCATEGORIZED,LOW,#  Debug - TODO: add observability
muxi/formation/background/time_estimator.py,132,,System/Error,LOW,#  Error - TODO: add observability
muxi/formation/background/webhook_manager.py,151,Webhook,UNCATEGORIZED,LOW,#  Webhook info - TODO: add observability
muxi/formation/background/webhook_manager.py,158,Webhook,UNCATEGORIZED,LOW,#  Webhook info - TODO: add observability
muxi/formation/background/webhook_manager.py,167,Webhook,System/Error,LOW,#  Webhook warning - TODO: add observability
muxi/formation/background/webhook_manager.py,174,Webhook,System/Error,MEDIUM,#  Webhook error - TODO: add observability
muxi/formation/background/webhook_manager.py,185,Webhook,System/Error,LOW,#  Webhook warning - TODO: add observability
muxi/formation/background/webhook_manager.py,192,Webhook,System/Error,LOW,#  Webhook error - TODO: add observability
muxi/formation/background/webhook_manager.py,201,Webhook,System/Error,MEDIUM,#  Webhook debug - TODO: add observability
muxi/formation/background/webhook_manager.py,378,Webhook,Conversation,LOW,#  Webhook info - TODO: add observability
muxi/formation/background/webhook_manager.py,385,Webhook,Conversation,LOW,#  Webhook info - TODO: add observability
muxi/formation/background/webhook_manager.py,393,Webhook,UNCATEGORIZED,LOW,#  Webhook warning - TODO: add observability
muxi/formation/background/webhook_manager.py,400,Webhook,System/Error,MEDIUM,#  Webhook error - TODO: add observability
muxi/formation/background/webhook_manager.py,410,Webhook,System/Error,LOW,#  Webhook warning - TODO: add observability
muxi/formation/background/webhook_manager.py,417,Webhook,System/Error,LOW,#  Webhook error - TODO: add observability
muxi/formation/background/webhook_manager.py,427,Webhook,System/Error,MEDIUM,#  Webhook debug - TODO: add observability
muxi/formation/background/webhook_manager.py,454,Webhook,Conversation,LOW,#  Webhook debug - TODO: add observability
muxi/formation/background/webhook_manager.py,461,Webhook,UNCATEGORIZED,LOW,#  Webhook warning - TODO: add observability
muxi/formation/background/webhook_manager.py,469,Webhook,UNCATEGORIZED,LOW,#  Webhook debug - TODO: add observability
muxi/formation/memory/extraction_coordinator.py,121,Memory,System/Error,LOW,#  Error - TODO: add observability
muxi/formation/memory/persistent_manager.py,297,Memory,UNCATEGORIZED,LOW,#  Warning - TODO: add observability
muxi/formation/memory/persistent_manager.py,336,Memory,UNCATEGORIZED,LOW,#  Warning - TODO: add observability
muxi/formation/memory/buffer_manager.py,176,Memory,UNCATEGORIZED,LOW,#  Warning - TODO: add observability
muxi/formation/memory/buffer_manager.py,204,Memory,System/Error,LOW,#  Buffer memory clear error - TODO: add observability
muxi/formation/overlord/secrets_manager.py,43,Overlord,System/Error,LOW,#  Error - TODO: add observability
muxi/formation/overlord/secrets_manager.py,62,Overlord,System/Error,LOW,#  Error - TODO: add observability
muxi/formation/overlord/secrets_manager.py,85,Overlord,System/Error,LOW,#  Error - TODO: add observability
muxi/formation/overlord/secrets_manager.py,106,Overlord,System/Error,LOW,#  Error - TODO: add observability
muxi/formation/overlord/secrets_manager.py,124,Overlord,System/Error,LOW,#  Error - TODO: add observability
muxi/formation/overlord/secrets_manager.py,146,Overlord,System/Error,LOW,#  Error - TODO: add observability
muxi/formation/overlord/mcp_coordinator.py,385,MCP,System/Error,HIGH,# TODO: Add observability event - SystemEvents.MCP_SERVER_REGISTRATION_FAILED
muxi/formation/overlord/mcp_coordinator.py,417,MCP,System/Error,LOW,#  Info - TODO: add observability
muxi/formation/overlord/mcp_coordinator.py,464,MCP,UNCATEGORIZED,LOW,# Info - TODO: add observability
muxi/formation/overlord/mcp_coordinator.py,520,MCP,UNCATEGORIZED,LOW,#  Info - TODO: add observability
muxi/formation/overlord/agent_router.py,119,Overlord,Conversation,LOW,#  Info - TODO: add observability
muxi/formation/overlord/agent_router.py,123,Overlord,Conversation,LOW,#  Warning - TODO: add observability
muxi/formation/overlord/agent_router.py,141,Overlord,Conversation,MEDIUM,#  Warning - TODO: add observability
muxi/formation/overlord/agent_router.py,145,Overlord,Conversation,LOW,#  Info - TODO: add observability
muxi/formation/overlord/agent_router.py,163,Overlord,Conversation,LOW,#  Warning - TODO: add observability
muxi/formation/overlord/a2a_coordinator.py,376,A2A,Conversation,LOW,#  Info - TODO: add observability
muxi/formation/overlord/a2a_coordinator.py,380,A2A,System/Error,LOW,#  Error - TODO: add observability
muxi/formation/overlord/a2a_coordinator.py,450,A2A,UNCATEGORIZED,LOW,#  Info - TODO: add observability
muxi/formation/overlord/a2a_coordinator.py,454,A2A,System/Error,LOW,#  Warning - TODO: add observability
muxi/formation/overlord/a2a_coordinator.py,478,A2A,UNCATEGORIZED,LOW,#  Info - TODO: add observability
muxi/formation/overlord/a2a_coordinator.py,482,A2A,System/Error,LOW,#  Warning - TODO: add observability
muxi/formation/overlord/overlord.py,853,Overlord,System/Error,LOW,#  Warning - TODO: add observability
muxi/formation/overlord/overlord.py,919,Overlord,System/Error,LOW,#  Error - TODO: add observability
muxi/formation/overlord/overlord.py,1377,Overlord,UNCATEGORIZED,LOW,#  Info - TODO: add observability
muxi/formation/overlord/overlord.py,1926,Overlord,System/Error,MEDIUM,#  Warning - TODO: add observability
muxi/formation/overlord/overlord.py,1942,Overlord,System/Error,MEDIUM,#  Warning - TODO: add observability
muxi/formation/overlord/overlord.py,2225,Overlord,System/Error,MEDIUM,# TODO: Add observability logging
muxi/formation/overlord/overlord.py,2348,Overlord,System/Error,LOW,#  Warning - TODO: add observability
muxi/formation/overlord/overlord.py,2518,Overlord,Conversation,LOW,#  Info - TODO: add observability
muxi/formation/overlord/overlord.py,2532,Overlord,UNCATEGORIZED,LOW,#  Error - TODO: add observability
muxi/formation/overlord/overlord.py,2869,Overlord,System/Error,LOW,#  Warning - TODO: add observability
muxi/formation/overlord/overlord.py,3038,Overlord,UNCATEGORIZED,LOW,#  Info - TODO: add observability
muxi/formation/overlord/overlord.py,3071,Overlord,System/Error,LOW,#  Error - TODO: add observability
muxi/formation/overlord/overlord.py,3866,Overlord,Conversation,LOW,#  Info - TODO: add observability
muxi/formation/overlord/overlord.py,3895,Overlord,Conversation,LOW,#  Info - TODO: add observability
muxi/formation/overlord/overlord.py,3963,Overlord,System/Error,LOW,#  Error - TODO: add observability
muxi/formation/overlord/overlord.py,3993,Overlord,UNCATEGORIZED,LOW,#  Info - TODO: add observability
muxi/formation/overlord/overlord.py,4216,Overlord,System/Error,LOW,#  Error - TODO: add observability
muxi/formation/overlord/overlord.py,4255,Overlord,System/Error,LOW,#  Error - TODO: add observability
muxi/formation/overlord/overlord.py,4307,Overlord,System/Error,LOW,#  Error - TODO: add observability
muxi/formation/overlord/overlord.py,4335,Overlord,System/Error,LOW,#  Error - TODO: add observability
muxi/formation/overlord/overlord.py,4986,Overlord,Conversation,LOW,#  Info - TODO: add observability
muxi/formation/overlord/overlord.py,4992,Overlord,UNCATEGORIZED,LOW,#  Error - TODO: add observability
muxi/formation/overlord/overlord.py,5001,Overlord,Conversation,LOW,#  Warning - TODO: add observability
muxi/formation/overlord/overlord.py,5224,Overlord,System/Error,LOW,#  Info - TODO: add observability
muxi/formation/overlord/overlord.py,5227,Overlord,System/Error,LOW,#  Error - TODO: add observability
muxi/formation/overlord/overlord.py,9797,Overlord,System/Error,LOW,#  Error - TODO: add observability
muxi/formation/overlord/overlord.py,9823,Overlord,UNCATEGORIZED,LOW,#  Error - TODO: add observability
muxi/formation/overlord/overlord.py,9828,Overlord,UNCATEGORIZED,LOW,#  Error - TODO: add observability
muxi/formation/overlord/overlord.py,9856,Overlord,Conversation,LOW,#  Info - TODO: add observability
muxi/formation/overlord/overlord.py,9914,Overlord,Conversation,LOW,#  Info - TODO: add observability
muxi/formation/overlord/overlord.py,9920,Overlord,System/Error,LOW,#  Error - TODO: add observability
muxi/formation/overlord/overlord.py,9929,Overlord,UNCATEGORIZED,LOW,#  Error - TODO: add observability
muxi/formation/overlord/overlord.py,9952,Overlord,UNCATEGORIZED,LOW,#  Error - TODO: add observability
muxi/formation/config/document_processing.py,30,,UNCATEGORIZED,LOW,#  Document model config - TODO: add observability
muxi/formation/config/document_processing.py,33,,UNCATEGORIZED,LOW,#  Document model default - TODO: add observability
muxi/formation/config/formation_loader.py,114,,UNCATEGORIZED,LOW,#  Formation loading - TODO: add observability
muxi/formation/config/formation_loader.py,119,,UNCATEGORIZED,LOW,#  Modular formation loading - TODO: add observability
muxi/formation/config/formation_loader.py,171,,UNCATEGORIZED,LOW,#  Formation loaded successfully - TODO: add observability
muxi/formation/config/formation_loader.py,241,,UNCATEGORIZED,LOW,#  Modular formation loaded successfully - TODO: add observability
muxi/formation/config/formation_loader.py,265,,UNCATEGORIZED,LOW,#  Agent discovery - TODO: add observability
muxi/formation/config/formation_loader.py,275,,UNCATEGORIZED,LOW,#  Agent config discovery - TODO: add observability
muxi/formation/config/formation_loader.py,286,,UNCATEGORIZED,LOW,#  Agent config loading - TODO: add observability
muxi/formation/config/formation_loader.py,322,,UNCATEGORIZED,LOW,#  Agent loaded successfully - TODO: add observability
muxi/formation/config/formation_loader.py,325,,UNCATEGORIZED,LOW,#  Agent disabled - TODO: add observability
muxi/formation/config/formation_loader.py,330,,System/Error,LOW,#  Agent config error - TODO: add observability
muxi/formation/config/formation_loader.py,336,,UNCATEGORIZED,LOW,#  Agent discovery complete - TODO: add observability
muxi/formation/config/formation_loader.py,363,,UNCATEGORIZED,LOW,#  Agent loaded successfully - TODO: add observability
muxi/formation/config/formation_loader.py,366,,UNCATEGORIZED,LOW,#  Agent disabled - TODO: add observability
muxi/formation/config/formation_loader.py,396,,UNCATEGORIZED,LOW,#  MCP server loaded successfully - TODO: add observability
muxi/formation/config/formation_loader.py,399,,UNCATEGORIZED,LOW,#  MCP server disabled - TODO: add observability
muxi/formation/config/formation_loader.py,425,,UNCATEGORIZED,LOW,#  MCP discovery - TODO: add observability
muxi/formation/config/formation_loader.py,435,,UNCATEGORIZED,LOW,#  MCP config discovery - TODO: add observability
muxi/formation/config/formation_loader.py,448,,UNCATEGORIZED,LOW,#  MCP config loading - TODO: add observability
muxi/formation/config/formation_loader.py,486,,UNCATEGORIZED,LOW,#  MCP server discovered - TODO: add observability
muxi/formation/config/formation_loader.py,489,,UNCATEGORIZED,LOW,#  MCP server disabled - TODO: add observability
muxi/formation/config/formation_loader.py,494,,System/Error,LOW,#  MCP config error - TODO: add observability
muxi/formation/config/formation_loader.py,501,,UNCATEGORIZED,LOW,#  Info - TODO: add observability
muxi/formation/config/formation_loader.py,526,,UNCATEGORIZED,LOW,#  A2A discovery - TODO: add observability
muxi/formation/config/formation_loader.py,536,,UNCATEGORIZED,LOW,#  A2A config discovery - TODO: add observability
muxi/formation/config/formation_loader.py,551,,UNCATEGORIZED,LOW,#  A2A config loading - TODO: add observability
muxi/formation/config/formation_loader.py,584,,UNCATEGORIZED,LOW,#  A2A service discovered - TODO: add observability
muxi/formation/config/formation_loader.py,588,,System/Error,LOW,#  A2A config error - TODO: add observability
muxi/formation/config/formation_loader.py,595,,UNCATEGORIZED,LOW,#  Info - TODO: add observability
muxi/formation/agents/knowledge/handler.py,1232,Agent,System/Error,LOW,#  Error - TODO: add observability
muxi/formation/server/routes/admin/agents.py,315,Agent,Conversation,LOW,# TODO: Add observability event for agent added
muxi/formation/server/routes/admin/agents.py,400,Agent,Conversation,LOW,# TODO: Add observability event for agent updated
muxi/formation/server/routes/admin/agents.py,460,Agent,System/Error,LOW,# TODO: Add observability event for agent removed
muxi/formation/server/routes/admin/mcp.py,380,MCP,UNCATEGORIZED,LOW,# TODO: Add observability event for MCP tool called
muxi/formation/server/routes/admin/mcp.py,392,MCP,System/Error,LOW,# TODO: Add observability event for MCP tool validation error
muxi/formation/server/routes/admin/mcp.py,398,MCP,System/Error,LOW,# TODO: Add observability event for MCP tool configuration error
muxi/formation/server/routes/admin/mcp.py,409,MCP,System/Error,LOW,# TODO: Add observability event for MCP tool argument error
muxi/formation/server/routes/admin/mcp.py,417,MCP,System/Error,LOW,# TODO: Add observability event for MCP tool unexpected error with full details
muxi/formation/server/routes/admin/secrets.py,119,,UNCATEGORIZED,LOW,# TODO: Add observability event for secret created
muxi/formation/server/routes/admin/secrets.py,161,,UNCATEGORIZED,LOW,# TODO: Add observability event for secret updated
muxi/formation/server/routes/admin/secrets.py,213,,UNCATEGORIZED,LOW,# TODO: Add observability event for secret deleted
muxi/formation/resilience/fallback_manager.py,47,Resilience,System/Error,MEDIUM,#  Fallback manager info - TODO: add observability
muxi/formation/resilience/fallback_manager.py,53,Resilience,System/Error,MEDIUM,#  Fallback manager info - TODO: add observability
muxi/formation/resilience/fallback_manager.py,59,Resilience,System/Error,MEDIUM,#  Fallback manager info - TODO: add observability
muxi/formation/resilience/fallback_manager.py,64,Resilience,System/Error,MEDIUM,#  Fallback manager warning - TODO: add observability
muxi/formation/resilience/fallback_manager.py,68,Resilience,System/Error,MEDIUM,#  Fallback manager error - TODO: add observability
muxi/formation/resilience/fallback_manager.py,90,Resilience,System/Error,MEDIUM,#  Fallback manager debug - TODO: add observability
muxi/formation/resilience/fallback_manager.py,109,Resilience,System/Error,MEDIUM,#  Fallback manager debug - TODO: add observability
muxi/formation/resilience/fallback_manager.py,141,Resilience,System/Error,MEDIUM,#  Fallback manager debug - TODO: add observability
muxi/formation/resilience/fallback_manager.py,248,Resilience,System/Error,MEDIUM,#  Fallback manager debug - TODO: add observability
muxi/formation/resilience/fallback_manager.py,251,Resilience,System/Error,MEDIUM,#  Fallback manager error - TODO: add observability
muxi/formation/resilience/fallback_manager.py,257,Resilience,System/Error,MEDIUM,#  Fallback manager debug - TODO: add observability
muxi/formation/resilience/fallback_manager.py,262,Resilience,System/Error,MEDIUM,#  Fallback manager debug - TODO: add observability
muxi/formation/resilience/fallback_manager.py,267,Resilience,System/Error,MEDIUM,#  Fallback manager info - TODO: add observability
muxi/formation/resilience/recovery_strategist.py,190,Resilience,System/Error,LOW,#  Debug - TODO: add observability
muxi/formation/resilience/recovery_strategist.py,197,Resilience,System/Error,LOW,#  Warning - TODO: add observability
muxi/formation/resilience/recovery_strategist.py,204,Resilience,UNCATEGORIZED,LOW,#  Warning - TODO: add observability
muxi/formation/resilience/recovery_strategist.py,210,Resilience,System/Error,LOW,#  Debug - TODO: add observability
muxi/formation/resilience/recovery_strategist.py,218,Resilience,System/Error,LOW,#  Error - TODO: add observability
muxi/formation/resilience/recovery_strategist.py,313,Resilience,UNCATEGORIZED,LOW,#  Debug - TODO: add observability
muxi/formation/resilience/recovery_strategist.py,391,Resilience,UNCATEGORIZED,LOW,#  Debug - TODO: add observability
muxi/formation/resilience/recovery_strategist.py,403,Resilience,System/Error,LOW,#  Info - TODO: add observability
muxi/formation/resilience/recovery_strategist.py,410,Resilience,System/Error,LOW,#  Debug - TODO: add observability
muxi/formation/resilience/error_classifier.py,223,Resilience,System/Error,LOW,#  Debug - TODO: add observability
muxi/formation/resilience/error_classifier.py,230,Resilience,System/Error,MEDIUM,#  Error - TODO: add observability
muxi/formation/resilience/circuit_breaker.py,50,Resilience,System/Error,MEDIUM,#  Circuit breaker debug - TODO: add observability
muxi/formation/resilience/circuit_breaker.py,74,Resilience,System/Error,MEDIUM,#  Circuit breaker warning - TODO: add observability
muxi/formation/resilience/circuit_breaker.py,148,Resilience,System/Error,MEDIUM,#  Circuit breaker error - TODO: add observability
muxi/formation/resilience/circuit_breaker.py,175,Resilience,System/Error,LOW,#  Circuit breaker debug - TODO: add observability
muxi/formation/resilience/circuit_breaker.py,196,Resilience,System/Error,LOW,#  Circuit breaker warning - TODO: add observability
muxi/formation/resilience/circuit_breaker.py,207,Resilience,System/Error,MEDIUM,#  Circuit breaker warning - TODO: add observability
muxi/formation/resilience/circuit_breaker.py,218,Resilience,System/Error,LOW,#  Circuit breaker info - TODO: add observability
muxi/formation/resilience/circuit_breaker.py,227,Resilience,System/Error,LOW,#  Circuit breaker info - TODO: add observability
muxi/formation/resilience/circuit_breaker.py,271,Resilience,System/Error,LOW,#  Circuit breaker info - TODO: add observability
muxi/formation/resilience/circuit_breaker.py,277,Resilience,System/Error,LOW,#  Circuit breaker warning - TODO: add observability
muxi/formation/resilience/circuit_breaker.py,283,Resilience,System/Error,LOW,#  Circuit breaker info - TODO: add observability
muxi/formation/resilience/circuit_breaker.py,310,Resilience,System/Error,LOW,#  Circuit breaker debug - TODO: add observability
muxi/formation/resilience/circuit_breaker.py,326,Resilience,System/Error,LOW,#  Circuit breaker debug - TODO: add observability
muxi/formation/resilience/circuit_breaker.py,338,Resilience,System/Error,LOW,#  Circuit breaker info - TODO: add observability
muxi/formation/workflow/analyzer.py,102,Workflow,System/Error,MEDIUM,#  Error - TODO: add observability
muxi/formation/workflow/analyzer.py,314,Workflow,System/Error,LOW,# TODO: add proper observability here
muxi/formation/workflow/analyzer.py,403,Workflow,System/Error,MEDIUM,#  Error - TODO: add observability
muxi/formation/workflow/decomposer.py,91,Workflow,Conversation,LOW,#  Decomposer info - TODO: add observability
muxi/formation/workflow/decomposer.py,99,Workflow,System/Error,MEDIUM,#  Decomposer error - TODO: add observability
muxi/formation/workflow/decomposer.py,141,Workflow,System/Error,LOW,#  Decomposer error - TODO: add observability
muxi/formation/workflow/decomposer.py,271,Workflow,System/Error,LOW,# TODO: Add observability for decomposition failures
muxi/formation/workflow/decomposer.py,592,Workflow,UNCATEGORIZED,LOW,#  Decomposer warning - TODO: add observability
muxi/formation/workflow/decomposer.py,611,Workflow,UNCATEGORIZED,LOW,#  Decomposer error - TODO: add observability
muxi/formation/workflow/decomposer.py,677,Workflow,System/Error,LOW,#  Decomposer error - TODO: add observability
muxi/formation/workflow/decomposer.py,810,Workflow,System/Error,LOW,#  Decomposer error - TODO: add observability
muxi/formation/workflow/decomposer.py,876,Workflow,System/Error,LOW,#  Decomposer error - TODO: add observability
muxi/formation/workflow/decomposer.py,921,Workflow,UNCATEGORIZED,LOW,#  Decomposer warning - TODO: add observability
muxi/formation/workflow/decomposer.py,928,Workflow,UNCATEGORIZED,LOW,#  Decomposer warning - TODO: add observability
muxi/formation/workflow/decomposer.py,934,Workflow,System/Error,LOW,#  Decomposer error - TODO: add observability
muxi/formation/workflow/decomposer.py,958,Workflow,System/Error,MEDIUM,#  Decomposer info - TODO: add observability
muxi/formation/workflow/decomposer.py,1007,Workflow,UNCATEGORIZED,LOW,#  Decomposer info - TODO: add observability
muxi/formation/workflow/decomposer.py,1024,Workflow,UNCATEGORIZED,LOW,#  Decomposer info - TODO: add observability
muxi/formation/workflow/executor.py,195,Workflow,UNCATEGORIZED,LOW,#  Info - TODO: add observability
muxi/formation/workflow/executor.py,199,Workflow,System/Error,MEDIUM,#  Info - TODO: add observability
muxi/formation/workflow/executor.py,231,Workflow,System/Error,LOW,#  Info - TODO: add observability
muxi/formation/workflow/executor.py,725,Workflow,System/Error,MEDIUM,#  Info - TODO: add observability
muxi/formation/workflow/executor.py,767,Workflow,UNCATEGORIZED,LOW,#  Info - TODO: add observability
muxi/formation/workflow/executor.py,807,Workflow,System/Error,LOW,#  Error - TODO: add observability
muxi/formation/workflow/executor.py,1237,Workflow,System/Error,LOW,#  Error - TODO: add observability
muxi/formation/workflow/executor.py,1558,Workflow,System/Error,LOW,#  Error - TODO: add observability
muxi/formation/workflow/executor.py,1705,Workflow,UNCATEGORIZED,LOW,# #  Info - TODO: add observability
muxi/formation/workflow/synthesis.py,482,Workflow,UNCATEGORIZED,LOW,#  Info - TODO: add observability
muxi/formation/workflow/synthesis.py,636,Workflow,UNCATEGORIZED,LOW,#  Debug - TODO: add observability
muxi/formation/documents/experience/acknowledgment_generator.py,78,Document Processing,UNCATEGORIZED,LOW,#  Info - TODO: add observability
muxi/formation/documents/experience/acknowledgment_generator.py,205,Document Processing,Conversation,LOW,#  Info - TODO: add observability
muxi/formation/documents/experience/acknowledgment_generator.py,252,Document Processing,Conversation,LOW,#  Info - TODO: add observability
muxi/formation/documents/experience/acknowledgment_generator.py,303,Document Processing,UNCATEGORIZED,LOW,#  Info - TODO: add observability
muxi/formation/documents/experience/acknowledgment_generator.py,347,Document Processing,Conversation,LOW,#  Info - TODO: add observability
muxi/formation/documents/experience/summarizer.py,59,Document Processing,UNCATEGORIZED,LOW,#  Info - TODO: add observability
muxi/formation/documents/experience/summarizer.py,93,Document Processing,System/Error,LOW,#  Error - TODO: add observability
muxi/formation/documents/experience/summarizer.py,122,Document Processing,UNCATEGORIZED,LOW,#  Info - TODO: add observability
muxi/formation/documents/experience/summarizer.py,135,Document Processing,System/Error,LOW,#  Error - TODO: add observability
muxi/formation/documents/experience/summarizer.py,161,Document Processing,UNCATEGORIZED,LOW,#  Info - TODO: add observability
muxi/formation/documents/experience/summarizer.py,187,Document Processing,UNCATEGORIZED,LOW,#  Info - TODO: add observability
muxi/formation/documents/experience/summarizer.py,294,Document Processing,UNCATEGORIZED,LOW,#  Info - TODO: add observability
muxi/formation/documents/experience/summarizer.py,327,Document Processing,System/Error,LOW,#  Error - TODO: add observability
muxi/formation/documents/experience/summarizer.py,345,Document Processing,UNCATEGORIZED,LOW,#  Error - TODO: add observability
muxi/formation/documents/experience/error_handler.py,606,Document Processing,System/Error,LOW,#  Warning - TODO: add observability
muxi/formation/documents/experience/error_handler.py,619,Document Processing,System/Error,MEDIUM,#  Info - TODO: add observability
muxi/formation/documents/experience/error_handler.py,747,Document Processing,System/Error,LOW,#  Warning - TODO: add observability
muxi/formation/documents/storage/metadata_store.py,136,Document Processing,UNCATEGORIZED,LOW,#  Info - TODO: add observability
muxi/formation/documents/storage/metadata_store.py,293,Document Processing,UNCATEGORIZED,LOW,#  Info - TODO: add observability
muxi/formation/documents/storage/metadata_store.py,319,Document Processing,UNCATEGORIZED,LOW,#  Info - TODO: add observability
muxi/formation/documents/storage/metadata_store.py,436,Document Processing,UNCATEGORIZED,LOW,#  Info - TODO: add observability
muxi/formation/documents/storage/metadata_store.py,438,Document Processing,UNCATEGORIZED,LOW,#  Warning - TODO: add observability
muxi/formation/documents/storage/metadata_store.py,467,Document Processing,System/Error,LOW,#  Error - TODO: add observability
muxi/formation/documents/storage/buffer_memory.py,138,Memory,UNCATEGORIZED,LOW,#  Info - TODO: add observability
muxi/formation/documents/storage/buffer_memory.py,163,Memory,UNCATEGORIZED,LOW,#  Info - TODO: add observability
muxi/formation/documents/storage/buffer_memory.py,216,Memory,UNCATEGORIZED,LOW,#  Info - TODO: add observability
muxi/formation/documents/storage/buffer_memory.py,336,Memory,UNCATEGORIZED,LOW,#  Info - TODO: add observability
muxi/formation/documents/storage/buffer_memory.py,361,Memory,UNCATEGORIZED,LOW,#  Info - TODO: add observability
muxi/formation/documents/storage/buffer_memory.py,402,Memory,UNCATEGORIZED,LOW,#  Info - TODO: add observability
muxi/formation/documents/storage/buffer_memory.py,422,Memory,UNCATEGORIZED,LOW,#  Info - TODO: add observability
muxi/formation/documents/storage/buffer_memory.py,429,Memory,UNCATEGORIZED,LOW,#  Info - TODO: add observability
muxi/formation/documents/storage/buffer_memory.py,449,Memory,System/Error,LOW,#  Info - TODO: add observability
muxi/formation/documents/storage/buffer_memory.py,452,Memory,System/Error,LOW,#  Error - TODO: add observability
muxi/formation/documents/storage/chunk_manager.py,118,Document Processing,System/Error,LOW,#  Info - TODO: add observability
muxi/formation/documents/storage/chunk_manager.py,147,Document Processing,UNCATEGORIZED,LOW,#  Info - TODO: add observability
muxi/formation/documents/storage/chunk_manager.py,152,Document Processing,UNCATEGORIZED,LOW,#  Info - TODO: add observability
muxi/formation/documents/storage/chunk_manager.py,162,Document Processing,UNCATEGORIZED,LOW,#  Warning - TODO: add observability
muxi/formation/documents/storage/chunk_manager.py,201,Document Processing,UNCATEGORIZED,LOW,#  Info - TODO: add observability
muxi/formation/documents/storage/reference_system.py,82,Document Processing,UNCATEGORIZED,LOW,#  Info - TODO: add observability
muxi/formation/documents/storage/reference_system.py,130,Document Processing,UNCATEGORIZED,LOW,#  Info - TODO: add observability
muxi/formation/documents/storage/reference_system.py,173,Document Processing,UNCATEGORIZED,LOW,#  Info - TODO: add observability
muxi/formation/documents/storage/reference_system.py,194,Document Processing,UNCATEGORIZED,LOW,#  Info - TODO: add observability
muxi/formation/documents/storage/reference_system.py,462,Document Processing,UNCATEGORIZED,LOW,#  Info - TODO: add observability
muxi/formation/documents/storage/reference_system.py,465,Document Processing,UNCATEGORIZED,LOW,#  Warning - TODO: add observability
muxi/formation/documents/storage/reference_system.py,508,Document Processing,System/Error,LOW,#  Error - TODO: add observability
muxi/formation/documents/workflow/cross_reference_manager.py,101,Workflow,UNCATEGORIZED,LOW,#  Info - TODO: add observability
muxi/formation/documents/workflow/cross_reference_manager.py,187,Workflow,UNCATEGORIZED,LOW,#  Info - TODO: add observability
muxi/formation/documents/workflow/cross_reference_manager.py,250,Workflow,System/Error,LOW,#  Error - TODO: add observability
muxi/formation/documents/workflow/cross_reference_manager.py,264,Workflow,UNCATEGORIZED,LOW,#  Info - TODO: add observability
muxi/formation/documents/workflow/cross_reference_manager.py,270,Workflow,System/Error,LOW,#  Error - TODO: add observability
muxi/formation/documents/workflow/workflow_integrator.py,85,Workflow,UNCATEGORIZED,LOW,#  Info - TODO: add observability
muxi/formation/documents/workflow/workflow_integrator.py,167,Workflow,UNCATEGORIZED,LOW,#  Info - TODO: add observability
muxi/formation/documents/workflow/workflow_integrator.py,179,Workflow,System/Error,LOW,#  Error - TODO: add observability
muxi/formation/documents/workflow/workflow_integrator.py,187,Workflow,UNCATEGORIZED,LOW,#  Info - TODO: add observability
muxi/formation/documents/workflow/workflow_integrator.py,209,Workflow,UNCATEGORIZED,LOW,#  Info - TODO: add observability
muxi/formation/documents/workflow/workflow_integrator.py,251,Workflow,UNCATEGORIZED,LOW,#  Info - TODO: add observability
muxi/formation/documents/workflow/workflow_integrator.py,255,Workflow,System/Error,LOW,#  Error - TODO: add observability
muxi/formation/documents/workflow/workflow_integrator.py,289,Workflow,Conversation,LOW,#  Info - TODO: add observability
muxi/formation/documents/workflow/workflow_integrator.py,295,Workflow,System/Error,LOW,#  Error - TODO: add observability
muxi/formation/documents/workflow/workflow_integrator.py,324,Workflow,System/Error,LOW,#  Error - TODO: add observability
muxi/formation/documents/workflow/context_preserver.py,109,Workflow,UNCATEGORIZED,LOW,#  Context preserver info - TODO: add observability
muxi/formation/documents/workflow/context_preserver.py,173,Workflow,UNCATEGORIZED,LOW,#  Context preserver info - TODO: add observability
muxi/formation/documents/workflow/context_preserver.py,275,Workflow,UNCATEGORIZED,LOW,#  Context preserver info - TODO: add observability
muxi/formation/documents/workflow/context_preserver.py,289,Workflow,UNCATEGORIZED,LOW,#  Context preserver warning - TODO: add observability
muxi/formation/documents/workflow/context_preserver.py,296,Workflow,UNCATEGORIZED,LOW,#  Context preserver warning - TODO: add observability
muxi/formation/documents/workflow/context_preserver.py,305,Workflow,UNCATEGORIZED,LOW,#  Context preserver info - TODO: add observability
muxi/formation/documents/workflow/context_preserver.py,451,Workflow,System/Error,LOW,#  Context preserver error - TODO: add observability
muxi/formation/documents/workflow/context_preserver.py,468,Workflow,System/Error,LOW,#  Context preserver info - TODO: add observability
muxi/formation/documents/workflow/context_preserver.py,480,Workflow,UNCATEGORIZED,LOW,#  Context preserver info - TODO: add observability
muxi/formation/documents/workflow/context_preserver.py,526,Workflow,System/Error,LOW,#  Context preserver error - TODO: add observability
muxi/formation/documents/workflow/context_preserver.py,563,Workflow,System/Error,LOW,#  Context preserver error - TODO: add observability
muxi/formation/documents/workflow/context_preserver.py,578,Workflow,UNCATEGORIZED,LOW,#  Context preserver info - TODO: add observability
muxi/formation/documents/workflow/context_preserver.py,589,Workflow,UNCATEGORIZED,LOW,#  Context preserver info - TODO: add observability
muxi/formation/documents/workflow/context_preserver.py,606,Workflow,UNCATEGORIZED,LOW,#  Context preserver info - TODO: add observability
muxi/formation/documents/workflow/context_preserver.py,613,Workflow,System/Error,LOW,#  Context preserver error - TODO: add observability
muxi/extensions/sqlite_vec.py,128,,System/Error,LOW,#  Debug - TODO: add observability
muxi/extensions/sqlite_vec.py,153,,System/Error,LOW,#  Info - TODO: add observability
muxi/extensions/sqlite_vec.py,162,,System/Error,MEDIUM,#  Error - TODO: add observability
muxi/extensions/sqlite_vec.py,173,,System/Error,LOW,#  Info - TODO: add observability
muxi/extensions/sqlite_vec.py,198,,System/Error,MEDIUM,#  Warning - TODO: add observability
muxi/extensions/sqlite_vec.py,205,,System/Error,LOW,#  Info - TODO: add observability
muxi/extensions/sqlite_vec.py,209,,System/Error,MEDIUM,#  Warning - TODO: add observability
muxi/extensions/sqlite_vec.py,219,,System/Error,LOW,#  Info - TODO: add observability
muxi/extensions/sqlite_vec.py,223,,System/Error,LOW,#  Warning - TODO: add observability
muxi/extensions/sqlite_vec.py,227,,System/Error,LOW,#  Warning - TODO: add observability
muxi/extensions/sqlite_vec.py,236,,System/Error,LOW,#  Info - TODO: add observability
muxi/services/memory/working.py,301,Memory,System/Error,LOW,#  Embedding generation error - TODO: add observability
muxi/services/memory/working.py,349,Memory,UNCATEGORIZED,LOW,#  FAISS index rebuild - TODO: add observability
muxi/services/memory/working.py,396,Memory,System/Error,LOW,#  Debug - TODO: add observability
muxi/services/memory/working.py,405,Memory,System/Error,LOW,#  Info - TODO: add observability
muxi/services/memory/working.py,459,Memory,UNCATEGORIZED,LOW,#  KV FIFO cleanup - TODO: add observability
muxi/services/memory/working.py,464,Memory,System/Error,LOW,#  Buffer cleanup error - TODO: add observability
muxi/services/memory/working.py,602,Memory,System/Error,MEDIUM,#  Recency search fallback - TODO: add observability
muxi/services/memory/working.py,646,Memory,System/Error,MEDIUM,#  Query embedding error - TODO: add observability
muxi/services/memory/working.py,790,Memory,System/Error,MEDIUM,#  Vector search error - TODO: add observability
muxi/services/memory/working.py,1117,Memory,UNCATEGORIZED,LOW,#  Info - TODO: add observability
muxi/services/memory/working.py,1130,Memory,System/Error,MEDIUM,#  Cleanup task error - TODO: add observability
muxi/services/a2a/discovery.py,103,A2A,UNCATEGORIZED,LOW,#  A2A discovery info - TODO: add observability
muxi/services/a2a/discovery.py,157,A2A,UNCATEGORIZED,LOW,#  A2A discovery info - TODO: add observability
muxi/services/a2a/discovery.py,221,A2A,UNCATEGORIZED,LOW,#  A2A discovery info - TODO: add observability
muxi/services/a2a/discovery.py,239,A2A,System/Error,MEDIUM,#  A2A discovery error - TODO: add observability
muxi/services/a2a/discovery.py,264,A2A,UNCATEGORIZED,LOW,#  A2A discovery info - TODO: add observability
muxi/services/a2a/discovery.py,312,A2A,UNCATEGORIZED,LOW,#  A2A discovery info - TODO: add observability
muxi/services/a2a/discovery.py,636,A2A,UNCATEGORIZED,LOW,#  A2A discovery debug - TODO: add observability
muxi/services/a2a/discovery.py,687,A2A,System/Error,MEDIUM,#  A2A discovery error - TODO: add observability
muxi/services/a2a/discovery.py,716,A2A,System/Error,MEDIUM,#  A2A discovery info - TODO: add observability
muxi/services/a2a/discovery.py,749,A2A,System/Error,MEDIUM,#  A2A discovery error - TODO: add observability
muxi/services/a2a/discovery.py,816,A2A,System/Error,LOW,#  A2A discovery error - TODO: add observability
muxi/services/a2a/discovery.py,820,A2A,System/Error,LOW,#  A2A discovery info - TODO: add observability
muxi/services/a2a/discovery.py,835,A2A,System/Error,MEDIUM,#  A2A discovery error - TODO: add observability
muxi/services/a2a/discovery.py,898,A2A,UNCATEGORIZED,LOW,#  A2A discovery debug - TODO: add observability
muxi/services/a2a/discovery.py,908,A2A,System/Error,MEDIUM,#  A2A discovery error - TODO: add observability
muxi/services/a2a/card_generator.py,658,A2A,UNCATEGORIZED,LOW,#  Info - TODO: add observability
muxi/services/a2a/auth/inbound.py,114,A2A,System/Error,HIGH,#  A2A inbound auth warning - TODO: add observability
muxi/services/a2a/auth/inbound.py,296,A2A,System/Error,HIGH,#  A2A inbound auth warning - TODO: add observability
muxi/services/a2a/auth/inbound.py,299,A2A,System/Error,HIGH,#  A2A inbound auth debug - TODO: add observability
muxi/services/a2a/auth/inbound.py,338,A2A,System/Error,HIGH,#  A2A inbound auth debug - TODO: add observability
muxi/services/a2a/auth/inbound.py,348,A2A,System/Error,HIGH,#  A2A inbound auth warning - TODO: add observability
muxi/services/a2a/auth/inbound.py,359,A2A,System/Error,HIGH,#  A2A inbound auth warning - TODO: add observability
muxi/services/a2a/auth/inbound.py,406,A2A,System/Error,HIGH,#  A2A inbound auth warning - TODO: add observability
muxi/services/a2a/auth/inbound.py,428,A2A,System/Error,HIGH,#  A2A inbound auth warning - TODO: add observability
muxi/services/a2a/auth/inbound.py,443,A2A,System/Error,HIGH,#  A2A inbound auth warning - TODO: add observability
muxi/services/a2a/auth/inbound.py,505,A2A,System/Error,HIGH,#  A2A inbound auth debug - TODO: add observability
muxi/services/a2a/auth/inbound.py,622,A2A,System/Error,HIGH,#  A2A inbound auth error - TODO: add observability
muxi/services/a2a/auth/inbound.py,883,A2A,System/Error,HIGH,#  A2A inbound auth info - TODO: add observability
muxi/services/scheduler/batch_processor.py,138,Scheduler,System/Error,LOW,# TODO: Add observability event for job check failures
muxi/services/mcp/reconnection.py,294,MCP,System/Error,MEDIUM,#  Warning - TODO: add observability -Operation failed after {config.max_retries + 1} attempts: {str
muxi/services/mcp/reconnection.py,310,MCP,System/Error,MEDIUM,#  Info - TODO: add observability
muxi/services/mcp/reconnection.py,371,MCP,System/Error,MEDIUM,#  Warning - TODO: add observability - Retry attempt with details
muxi/services/mcp/reconnection.py,374,MCP,System/Error,MEDIUM,#  Info - TODO: add observability
muxi/services/mcp/reconnection.py,391,MCP,UNCATEGORIZED,LOW,#  Info - TODO: add observability
muxi/services/mcp/reconnection.py,402,MCP,System/Error,LOW,#  Error - TODO: add observability - Operation failed after retries
muxi/services/mcp/parser.py,214,MCP,UNCATEGORIZED,LOW,#  Warning - TODO: add observability
muxi/services/mcp/parser.py,285,MCP,UNCATEGORIZED,LOW,#  Warning - TODO: add observability
muxi/services/mcp/parser.py,317,MCP,System/Error,LOW,#  Warning - TODO: add observability
muxi/services/mcp/parser.py,331,MCP,UNCATEGORIZED,LOW,#  Warning - TODO: add observability
muxi/services/mcp/reconnect_handler.py,98,MCP,System/Error,MEDIUM,#  Info - TODO: add observability
muxi/services/mcp/reconnect_handler.py,116,MCP,System/Error,LOW,#  Error - TODO: add observability
muxi/services/mcp/reconnect_handler.py,205,MCP,System/Error,LOW,#  Error - TODO: add observability
muxi/services/mcp/reconnect_handler.py,245,MCP,System/Error,LOW,#  Info - TODO: add observability
muxi/services/mcp/reconnect_handler.py,267,MCP,System/Error,HIGH,#  Info - TODO: add observability
muxi/services/mcp/reconnect_handler.py,318,MCP,System/Error,LOW,#  Error - TODO: add observability
muxi/services/multimodal/fusion_engine.py,155,,System/Error,LOW,#  Multimodal error - TODO: add observability
muxi/services/multimodal/fusion_engine.py,187,,System/Error,LOW,#  Multimodal error - TODO: add observability
muxi/services/multimodal/fusion_engine.py,221,,UNCATEGORIZED,LOW,#  Multimodal error - TODO: add observability
muxi/services/multimodal/fusion_engine.py,236,,System/Error,MEDIUM,#  Multimodal error - TODO: add observability
muxi/services/multimodal/fusion_engine.py,423,,UNCATEGORIZED,LOW,# TODO: Log via observability system that no JSON was found in response
muxi/services/multimodal/fusion_engine.py,431,,System/Error,LOW,# TODO: Log via observability that JSON was not a dict
muxi/services/multimodal/fusion_engine.py,434,,System/Error,LOW,# TODO: Log JSON parsing error via observability system
muxi/services/multimodal/fusion_engine.py,438,,System/Error,LOW,# TODO: Log unexpected error via observability system
muxi/services/multimodal/fusion_engine.py,475,,System/Error,LOW,#  Multimodal error - TODO: add observability
muxi/services/multimodal/fusion_engine.py,493,,System/Error,LOW,#  Multimodal error - TODO: add observability
muxi/services/multimodal/fusion_engine.py,515,,System/Error,LOW,#  Multimodal error - TODO: add observability
muxi/services/multimodal/fusion_engine.py,536,,System/Error,LOW,#  Multimodal error - TODO: add observability
muxi/services/multimodal/fusion_engine.py,616,,System/Error,LOW,#  Multimodal error - TODO: add observability
muxi/services/multimodal/fusion_engine.py,633,,System/Error,LOW,#  Multimodal error - TODO: add observability
muxi/services/multimodal/fusion_engine.py,649,,System/Error,LOW,#  Multimodal error - TODO: add observability
muxi/services/multimodal/fusion_engine.py,665,,System/Error,LOW,#  Multimodal error - TODO: add observability
muxi/services/multimodal/fusion_engine.py,776,,Conversation,LOW,#  Multimodal info - TODO: add observability
muxi/services/multimodal/fusion_engine.py,784,,System/Error,MEDIUM,#  Multimodal error - TODO: add observability
muxi/services/multimodal/fusion_engine.py,875,,System/Error,LOW,#  Multimodal error - TODO: add observability
muxi/services/multimodal/fusion_engine.py,919,,System/Error,LOW,#  Multimodal error - TODO: add observability
muxi/services/multimodal/fusion_engine.py,1011,,System/Error,LOW,#  Multimodal error - TODO: add observability
muxi/services/multimodal/fusion_engine.py,1112,,UNCATEGORIZED,LOW,# TODO: Log via observability system that no JSON was found in response
muxi/services/multimodal/fusion_engine.py,1120,,System/Error,LOW,# TODO: Log via observability that JSON was not a dict
muxi/services/multimodal/fusion_engine.py,1123,,System/Error,LOW,# TODO: Log JSON parsing error via observability system
muxi/services/multimodal/fusion_engine.py,1127,,System/Error,LOW,# TODO: Log unexpected error via observability system
muxi/services/multimodal/integration.py,91,,UNCATEGORIZED,LOW,#  Info - TODO: add observability
muxi/services/multimodal/integration.py,95,,System/Error,LOW,#  Error - TODO: add observability
muxi/services/multimodal/integration.py,151,,System/Error,LOW,#  Error - TODO: add observability
muxi/services/multimodal/integration.py,361,,System/Error,LOW,#  Error - TODO: add observability
muxi/services/multimodal/integration.py,411,,UNCATEGORIZED,LOW,#  Warning - TODO: add observability
muxi/services/multimodal/integration.py,421,,UNCATEGORIZED,LOW,#  Warning - TODO: add observability
muxi/services/multimodal/integration.py,441,,UNCATEGORIZED,LOW,#  Warning - TODO: add observability
muxi/services/multimodal/integration.py,456,,System/Error,LOW,#  Error - TODO: add observability
muxi/services/multimodal/integration.py,544,,System/Error,LOW,#  Error - TODO: add observability
muxi/services/multimodal/integration.py,576,,System/Error,LOW,#  Error - TODO: add observability
muxi/services/multimodal/integration.py,624,,System/Error,LOW,#  Error - TODO: add observability
muxi/services/multimodal/integration.py,711,,System/Error,LOW,#  Error - TODO: add observability
