event_type,level,trigger,description,file,line,recommendation,comment,status
SystemEvents.A2A_AUTH_INITIALIZED,INFO,src/muxi/services/a2a/auth/outbound.py:132,A2A authentication manager initialized,src/muxi/services/a2a/auth/outbound.py,132,OK - No issues identified,,
SystemEvents.A2A_AUTH_VALIDATED,DEBUG,src/muxi/services/a2a/auth/inbound.py:551,A2A authentication bypassed (mode: none),src/muxi/services/a2a/auth/inbound.py,551,OK - No issues identified,,
SystemEvents.A2A_AUTH_VALIDATED,DEBUG,src/muxi/services/a2a/auth/outbound.py:49,Validating A2A authentication credentials,src/muxi/services/a2a/auth/outbound.py,49,OK - No issues identified,,
SystemEvents.A2A_AUTH_VALIDATED,DEBUG,src/muxi/services/a2a/auth/outbound.py:610,A2A SDK authentication applied successfully,src/muxi/services/a2a/auth/outbound.py,610,OK - No issues identified,,
SystemEvents.A2A_AUTH_VALIDATED,DEBUG,src/muxi/services/a2a/auth/outbound.py:654,A2A authentication not required,src/muxi/services/a2a/auth/outbound.py,654,OK - No issues identified,,
SystemEvents.A2A_AUTH_VALIDATED,DEBUG,src/muxi/services/a2a/auth/outbound.py:719,A2A API key authentication applied successfully,src/muxi/services/a2a/auth/outbound.py,719,OK - No issues identified,,
SystemEvents.A2A_AUTH_VALIDATED,DEBUG,src/muxi/services/a2a/auth/outbound.py:730,A2A bearer token authentication applied successfully,src/muxi/services/a2a/auth/outbound.py,730,OK - No issues identified,,
SystemEvents.A2A_AUTH_VALIDATED,DEBUG,src/muxi/services/a2a/auth/outbound.py:744,A2A basic authentication applied successfully,src/muxi/services/a2a/auth/outbound.py,744,OK - No issues identified,,
SystemEvents.A2A_AUTH_VALIDATED,INFO,src/muxi/services/a2a/auth/inbound.py:596,A2A inbound authentication {'successful' if authenticated else 'failed'},src/muxi/services/a2a/auth/inbound.py,596,OK - No issues identified,,
SystemEvents.A2A_AUTH_VALIDATED,INFO,src/muxi/services/a2a/auth/inbound.py:631,API key authentication successful for client {client_id},src/muxi/services/a2a/auth/inbound.py,631,OK - No issues identified,,
SystemEvents.A2A_AUTH_VALIDATED,INFO,src/muxi/services/a2a/auth/inbound.py:674,Bearer token authentication successful for client {client_id},src/muxi/services/a2a/auth/inbound.py,674,OK - No issues identified,,
SystemEvents.A2A_AUTH_VALIDATED,INFO,src/muxi/services/a2a/auth/inbound.py:722,Basic authentication successful for user {username},src/muxi/services/a2a/auth/inbound.py,722,OK - No issues identified,,
SystemEvents.A2A_AUTH_VALIDATED,INFO,src/muxi/services/a2a/auth/inbound.py:867,Client {client_id} removed successfully,src/muxi/services/a2a/auth/inbound.py,867,OK - No issues identified,,
SystemEvents.A2A_AUTH_VALIDATED,INFO,src/muxi/services/a2a/auth/outbound.py:100,A2A authentication credentials validated successfully,src/muxi/services/a2a/auth/outbound.py,100,OK - No issues identified,,
SystemEvents.A2A_AUTH_VALIDATED,WARNING,src/muxi/services/a2a/auth/outbound.py:676,A2A authentication skipped - missing optional credentials,src/muxi/services/a2a/auth/outbound.py,676,OK - No issues identified,,
SystemEvents.A2A_AUTH_VALIDATING,DEBUG,src/muxi/services/a2a/auth/inbound.py:536,Starting A2A inbound authentication with mode: {self.auth_mode},src/muxi/services/a2a/auth/inbound.py,536,OK - No issues identified,,
SystemEvents.A2A_AUTH_VALIDATING,DEBUG,src/muxi/services/a2a/auth/inbound.py:770,A2A authentication requirements requested,src/muxi/services/a2a/auth/inbound.py,770,OK - No issues identified,,
SystemEvents.A2A_AUTH_VALIDATING,DEBUG,src/muxi/services/a2a/auth/inbound.py:814,A2A client list requested,src/muxi/services/a2a/auth/inbound.py,814,OK - No issues identified,,
SystemEvents.A2A_AUTH_VALIDATION_FAILED,ERROR,src/muxi/services/a2a/auth/inbound.py:586,f-string: A2A authentication validation failed: missing required auth scheme,src/muxi/services/a2a/auth/inbound.py,586,MISSING DESCRIPTION - Add meaningful description,,
SystemEvents.A2A_AUTH_VALIDATION_FAILED,ERROR,src/muxi/services/a2a/auth/outbound.py:62,API key authentication validation failed,src/muxi/services/a2a/auth/outbound.py,62,OK - No issues identified,,
SystemEvents.A2A_AUTH_VALIDATION_FAILED,ERROR,src/muxi/services/a2a/auth/outbound.py:72,Bearer authentication validation failed,src/muxi/services/a2a/auth/outbound.py,72,OK - No issues identified,,
SystemEvents.A2A_AUTH_VALIDATION_FAILED,ERROR,src/muxi/services/a2a/auth/outbound.py:82,Basic authentication validation failed,src/muxi/services/a2a/auth/outbound.py,82,OK - No issues identified,,
SystemEvents.A2A_AUTH_VALIDATION_FAILED,ERROR,src/muxi/services/a2a/auth/outbound.py:520,A2A credential validation failed during addition,src/muxi/services/a2a/auth/outbound.py,520,OK - No issues identified,,
SystemEvents.A2A_AUTH_VALIDATION_FAILED,ERROR,src/muxi/services/a2a/auth/outbound.py:570,A2A SDK authentication failed - missing required scheme,src/muxi/services/a2a/auth/outbound.py,570,OK - No issues identified,,
SystemEvents.A2A_AUTH_VALIDATION_FAILED,ERROR,src/muxi/services/a2a/auth/outbound.py:624,A2A SDK authentication failed with exception,src/muxi/services/a2a/auth/outbound.py,624,OK - No issues identified,,
SystemEvents.A2A_AUTH_VALIDATION_FAILED,ERROR,src/muxi/services/a2a/auth/outbound.py:667,A2A authentication failed - missing required credentials,src/muxi/services/a2a/auth/outbound.py,667,OK - No issues identified,,
SystemEvents.A2A_AUTH_VALIDATION_FAILED,ERROR,src/muxi/services/a2a/auth/outbound.py:687,A2A authentication failed - credential type mismatch,src/muxi/services/a2a/auth/outbound.py,687,OK - No issues identified,,
SystemEvents.A2A_AUTH_VALIDATION_FAILED,ERROR,src/muxi/services/a2a/auth/outbound.py:755,A2A authentication failed with exception,src/muxi/services/a2a/auth/outbound.py,755,OK - No issues identified,,
SystemEvents.A2A_AUTH_VALIDATION_FAILED,WARNING,src/muxi/services/a2a/auth/inbound.py:640,API key authentication failed: invalid key,src/muxi/services/a2a/auth/inbound.py,640,OK - No issues identified,,
SystemEvents.A2A_AUTH_VALIDATION_FAILED,WARNING,src/muxi/services/a2a/auth/inbound.py:683,Bearer token authentication failed: invalid token,src/muxi/services/a2a/auth/inbound.py,683,OK - No issues identified,,
SystemEvents.A2A_AUTH_VALIDATION_FAILED,WARNING,src/muxi/services/a2a/auth/inbound.py:731,Basic authentication failed for user {username},src/muxi/services/a2a/auth/inbound.py,731,OK - No issues identified,,
SystemEvents.A2A_AUTH_VALIDATION_FAILED,WARNING,src/muxi/services/a2a/auth/inbound.py:838,Attempted to remove non-existent client: {client_id},src/muxi/services/a2a/auth/inbound.py,838,OK - No issues identified,,
SystemEvents.A2A_AUTH_VALIDATION_FAILED,WARNING,src/muxi/services/a2a/server.py:342,Untrusted client attempted A2A communication,src/muxi/services/a2a/server.py,342,OK - No issues identified,,
SystemEvents.A2A_AUTH_VALIDATION_FAILED,WARNING,src/muxi/services/a2a/server.py:557,Untrusted client attempted A2A communication,src/muxi/services/a2a/server.py,557,OK - No issues identified,,
SystemEvents.A2A_CARD_EXPORTED,INFO,src/muxi/services/a2a/card_generator.py:658,Exported A2A card for {agent_id},src/muxi/services/a2a/card_generator.py,658,OK - No issues identified,,
SystemEvents.A2A_CARD_EXPORTED,INFO,src/muxi/services/a2a/card_generator.py:678,Completed export of agent cards to {output_dir},src/muxi/services/a2a/card_generator.py,678,OK - No issues identified,,
SystemEvents.A2A_CARD_EXPORTING,INFO,src/muxi/services/a2a/card_generator.py:636,Starting export of {len(cards)} agent cards to {output_dir},src/muxi/services/a2a/card_generator.py,636,OK - No issues identified,,
SystemEvents.A2A_CARD_GENERATED,DEBUG,src/muxi/services/a2a/card_generator.py:265,Generated base agent card structure for {agent_id},src/muxi/services/a2a/card_generator.py,265,OK - No issues identified,,
SystemEvents.A2A_CARD_GENERATED,DEBUG,src/muxi/services/a2a/card_generator.py:376,Added capabilities to agent card,src/muxi/services/a2a/card_generator.py,376,OK - No issues identified,,
SystemEvents.A2A_CARD_GENERATED,DEBUG,src/muxi/services/a2a/card_generator.py:406,Added MCP capabilities to agent card,src/muxi/services/a2a/card_generator.py,406,OK - No issues identified,,
SystemEvents.A2A_CARD_GENERATED,DEBUG,src/muxi/services/a2a/card_generator.py:451,Added standard endpoints to agent card,src/muxi/services/a2a/card_generator.py,451,OK - No issues identified,,
SystemEvents.A2A_CARD_GENERATED,DEBUG,src/muxi/services/a2a/card_generator.py:483,description,src/muxi/services/a2a/card_generator.py,483,OK - No issues identified,,
SystemEvents.A2A_CARD_GENERATED,DEBUG,src/muxi/services/a2a/card_generator.py:525,Added metadata to agent card,src/muxi/services/a2a/card_generator.py,525,OK - No issues identified,,
SystemEvents.A2A_CARD_GENERATED,INFO,src/muxi/services/a2a/card_generator.py:155,Using cached agent card for {agent_id},src/muxi/services/a2a/card_generator.py,155,OK - No issues identified,,
SystemEvents.A2A_CARD_GENERATED,INFO,src/muxi/services/a2a/card_generator.py:185,Successfully generated agent card for {agent_id},src/muxi/services/a2a/card_generator.py,185,OK - No issues identified,,
SystemEvents.A2A_CARD_GENERATED,INFO,src/muxi/services/a2a/card_generator.py:612,Completed formation card generation for {formation_name},src/muxi/services/a2a/card_generator.py,612,OK - No issues identified,,
SystemEvents.A2A_CARD_GENERATING,INFO,src/muxi/services/a2a/card_generator.py:129,Starting agent card generation for {config_path},src/muxi/services/a2a/card_generator.py,129,OK - No issues identified,,
SystemEvents.A2A_CARD_GENERATING,INFO,src/muxi/services/a2a/card_generator.py:169,Generating new agent card for {agent_id},src/muxi/services/a2a/card_generator.py,169,OK - No issues identified,,
SystemEvents.A2A_CARD_GENERATING,INFO,src/muxi/services/a2a/card_generator.py:553,Starting formation card generation for {formation_name},src/muxi/services/a2a/card_generator.py,553,OK - No issues identified,,
SystemEvents.A2A_CARD_GENERATOR_INITIALIZED,INFO,src/muxi/services/a2a/card_generator.py:44,A2A agent card generator initialized,src/muxi/services/a2a/card_generator.py,44,OK - No issues identified,,
SystemEvents.A2A_CONFIG_LOAD_COMPLETED,DEBUG,src/muxi/formation/formation.py:781,Discovered A2A service: {a2a_config['id']},src/muxi/formation/formation.py,781,OK - No issues identified,,
SystemEvents.A2A_CONFIG_LOAD_COMPLETED,DEBUG,src/muxi/services/a2a/card_generator.py:212,Extracted agent ID: {agent_id},src/muxi/services/a2a/card_generator.py,212,OK - No issues identified,,
SystemEvents.A2A_CONFIG_LOAD_COMPLETED,INFO,src/muxi/services/a2a/card_generator.py:79,Successfully loaded agent configuration from {config_path},src/muxi/services/a2a/card_generator.py,79,OK - No issues identified,,
SystemEvents.A2A_CONFIG_LOAD_STARTED,INFO,src/muxi/services/a2a/card_generator.py:65,Loading agent configuration from {config_path},src/muxi/services/a2a/card_generator.py,65,OK - No issues identified,,
SystemEvents.A2A_CONFIG_LOAD_STARTED,INFO,src/muxi/services/a2a/card_generator.py:570,Found {len(config_files)} configuration files,src/muxi/services/a2a/card_generator.py,570,OK - No issues identified,,
SystemEvents.A2A_CREDENTIALS_LOAD_FAILED,ERROR,src/muxi/services/a2a/auth/outbound.py:265,Failed to load A2A service credentials,src/muxi/services/a2a/auth/outbound.py,265,OK - No issues identified,,
SystemEvents.A2A_CREDENTIAL_LOADED,DEBUG,src/muxi/services/a2a/auth/outbound.py:145,Checking if A2A credentials need loading,src/muxi/services/a2a/auth/outbound.py,145,OK - No issues identified,,
SystemEvents.A2A_CREDENTIAL_LOADED,DEBUG,src/muxi/services/a2a/auth/outbound.py:248,A2A service credentials loaded,src/muxi/services/a2a/auth/outbound.py,248,OK - No issues identified,,
SystemEvents.A2A_CREDENTIAL_LOADED,DEBUG,src/muxi/services/a2a/auth/outbound.py:297,Loading single A2A credential,src/muxi/services/a2a/auth/outbound.py,297,OK - No issues identified,,
SystemEvents.A2A_CREDENTIAL_LOADED,DEBUG,src/muxi/services/a2a/auth/outbound.py:318,Single A2A credential loaded successfully,src/muxi/services/a2a/auth/outbound.py,318,OK - No issues identified,,
SystemEvents.A2A_CREDENTIAL_LOADED,DEBUG,src/muxi/services/a2a/auth/outbound.py:472,A2A service configuration processed successfully,src/muxi/services/a2a/auth/outbound.py,472,OK - No issues identified,,
SystemEvents.A2A_CREDENTIAL_LOADED,INFO,src/muxi/services/a2a/auth/outbound.py:160,A2A credentials loaded successfully,src/muxi/services/a2a/auth/outbound.py,160,OK - No issues identified,,
SystemEvents.A2A_CREDENTIAL_LOADED,INFO,src/muxi/services/a2a/auth/outbound.py:198,Starting A2A default credentials loading,src/muxi/services/a2a/auth/outbound.py,198,OK - No issues identified,,
SystemEvents.A2A_CREDENTIAL_LOADED,INFO,src/muxi/services/a2a/auth/outbound.py:278,A2A default credentials loading completed,src/muxi/services/a2a/auth/outbound.py,278,OK - No issues identified,,
SystemEvents.A2A_CREDENTIAL_LOADED,INFO,src/muxi/services/a2a/auth/outbound.py:508,A2A credentials added successfully,src/muxi/services/a2a/auth/outbound.py,508,OK - No issues identified,,
SystemEvents.A2A_CREDENTIAL_REMOVED,INFO,src/muxi/services/a2a/auth/outbound.py:774,A2A credentials removed for agent,src/muxi/services/a2a/auth/outbound.py,774,OK - No issues identified,,
SystemEvents.A2A_DEREGISTERED,INFO,src/muxi/formation/formation.py:2795,Successfully deregistered all agents from external registry,src/muxi/formation/formation.py,2795,OK - No issues identified,,
SystemEvents.A2A_DEREGISTERED,INFO,src/muxi/services/a2a/discovery.py:317,A2A agent unregistration completed,src/muxi/services/a2a/discovery.py,317,OK - No issues identified,,
SystemEvents.A2A_DEREGISTERED,INFO,src/muxi/services/a2a/discovery.py:718,A2A agent marked as unreachable due to timeout,src/muxi/services/a2a/discovery.py,718,OK - No issues identified,,
SystemEvents.A2A_DEREGISTERED,WARNING,src/muxi/services/a2a/discovery.py:326,A2A agent unregistration completed - agent not found,src/muxi/services/a2a/discovery.py,326,OK - No issues identified,,
SystemEvents.A2A_DEREGISTRATION_FAILED,WARNING,src/muxi/formation/overlord/a2a_coordinator.py:507,Failed to deregister agent '{agent_id}' from external registry,src/muxi/formation/overlord/a2a_coordinator.py,507,OK - No issues identified,,
SystemEvents.A2A_DEREGISTRATION_STARTED,INFO,src/muxi/services/a2a/discovery.py:302,A2A agent unregistration started,src/muxi/services/a2a/discovery.py,302,OK - No issues identified,,
SystemEvents.A2A_DISCOVERY_COMPLETED,DEBUG,src/muxi/services/a2a/discovery.py:452,A2A agent info query completed - agent not found,src/muxi/services/a2a/discovery.py,452,OK - No issues identified,,
SystemEvents.A2A_DISCOVERY_COMPLETED,DEBUG,src/muxi/services/a2a/discovery.py:473,A2A agent info query completed successfully,src/muxi/services/a2a/discovery.py,473,OK - No issues identified,,
SystemEvents.A2A_DISCOVERY_COMPLETED,DEBUG,src/muxi/services/a2a/discovery.py:531,A2A formation status query completed,src/muxi/services/a2a/discovery.py,531,OK - No issues identified,,
SystemEvents.A2A_DISCOVERY_COMPLETED,DEBUG,src/muxi/services/a2a/discovery.py:730,A2A cleanup loop iteration completed,src/muxi/services/a2a/discovery.py,730,OK - No issues identified,,
SystemEvents.A2A_DISCOVERY_COMPLETED,DEBUG,src/muxi/services/a2a/discovery.py:758,A2A registry loading skipped - no registry file configured,src/muxi/services/a2a/discovery.py,758,OK - No issues identified,,
SystemEvents.A2A_DISCOVERY_COMPLETED,DEBUG,src/muxi/services/a2a/discovery.py:779,"A2A registry file not found, starting with empty registry",src/muxi/services/a2a/discovery.py,779,OK - No issues identified,,
SystemEvents.A2A_DISCOVERY_COMPLETED,DEBUG,src/muxi/services/a2a/discovery.py:852,A2A registry saving skipped - no registry file configured,src/muxi/services/a2a/discovery.py,852,OK - No issues identified,,
SystemEvents.A2A_DISCOVERY_COMPLETED,INFO,src/muxi/services/a2a/discovery.py:404,A2A agent discovery query completed,src/muxi/services/a2a/discovery.py,404,OK - No issues identified,,
SystemEvents.A2A_DISCOVERY_COMPLETED,INFO,src/muxi/services/a2a/discovery.py:825,A2A registry loaded successfully,src/muxi/services/a2a/discovery.py,825,OK - No issues identified,,
SystemEvents.A2A_DISCOVERY_COMPLETED,INFO,src/muxi/services/a2a/registry_client.py:1107,Agent discovery completed from {registry_url} (SDK),src/muxi/services/a2a/registry_client.py,1107,OK - No issues identified,,
SystemEvents.A2A_DISCOVERY_COMPLETED,INFO,src/muxi/services/a2a/registry_client.py:1186,Agent discovery completed from all registries (SDK),src/muxi/services/a2a/registry_client.py,1186,OK - No issues identified,,
SystemEvents.A2A_DISCOVERY_FAILED,ERROR,src/muxi/services/a2a/registry_client.py:1038,Agent discovery failed (SDK): {str(e)},src/muxi/services/a2a/registry_client.py,1038,OK - No issues identified,,
SystemEvents.A2A_DISCOVERY_FAILED,ERROR,src/muxi/services/a2a/registry_client.py:1123,Agent discovery error from {registry_url} (SDK),src/muxi/services/a2a/registry_client.py,1123,OK - No issues identified,,
SystemEvents.A2A_DISCOVERY_FAILED,WARNING,src/muxi/services/a2a/registry_client.py:1143,No registries configured for discovery (SDK),src/muxi/services/a2a/registry_client.py,1143,OK - No issues identified,,
SystemEvents.A2A_DISCOVERY_STARTED,DEBUG,src/muxi/services/a2a/discovery.py:441,A2A agent info query started,src/muxi/services/a2a/discovery.py,441,OK - No issues identified,,
SystemEvents.A2A_DISCOVERY_STARTED,DEBUG,src/muxi/services/a2a/discovery.py:499,A2A formation status query started,src/muxi/services/a2a/discovery.py,499,OK - No issues identified,,
SystemEvents.A2A_DISCOVERY_STARTED,DEBUG,src/muxi/services/a2a/discovery.py:699,A2A cleanup loop iteration started,src/muxi/services/a2a/discovery.py,699,OK - No issues identified,,
SystemEvents.A2A_DISCOVERY_STARTED,DEBUG,src/muxi/services/a2a/discovery.py:767,A2A registry loading started,src/muxi/services/a2a/discovery.py,767,OK - No issues identified,,
SystemEvents.A2A_DISCOVERY_STARTED,DEBUG,src/muxi/services/a2a/discovery.py:861,A2A registry saving started,src/muxi/services/a2a/discovery.py,861,OK - No issues identified,,
SystemEvents.A2A_DISCOVERY_STARTED,INFO,src/muxi/services/a2a/discovery.py:109,A2A Discovery Service started,src/muxi/services/a2a/discovery.py,109,OK - No issues identified,,
SystemEvents.A2A_DISCOVERY_STARTED,INFO,src/muxi/services/a2a/discovery.py:360,A2A agent discovery query started,src/muxi/services/a2a/discovery.py,360,OK - No issues identified,,
SystemEvents.A2A_DISCOVERY_STARTED,INFO,src/muxi/services/a2a/registry_client.py:1019,Starting agent discovery (SDK),src/muxi/services/a2a/registry_client.py,1019,OK - No issues identified,,
SystemEvents.A2A_DISCOVERY_STARTED,INFO,src/muxi/services/a2a/registry_client.py:1156,Discovering agents from all {len(self.registries)} registries (SDK),src/muxi/services/a2a/registry_client.py,1156,OK - No issues identified,,
SystemEvents.A2A_DISCOVERY_STOPPED,INFO,src/muxi/services/a2a/discovery.py:160,A2A Discovery Service stopping,src/muxi/services/a2a/discovery.py,160,OK - No issues identified,,
SystemEvents.A2A_DISCOVERY_STOPPED,INFO,src/muxi/services/a2a/discovery.py:187,A2A Discovery Service stopped successfully,src/muxi/services/a2a/discovery.py,187,OK - No issues identified,,
SystemEvents.A2A_HEALTH_CHECK_COMPLETED,DEBUG,src/muxi/services/a2a/discovery.py:603,A2A agent health check completed successfully,src/muxi/services/a2a/discovery.py,603,OK - No issues identified,,
SystemEvents.A2A_HEALTH_CHECK_COMPLETED,DEBUG,src/muxi/services/a2a/discovery.py:673,A2A health check loop iteration completed,src/muxi/services/a2a/discovery.py,673,OK - No issues identified,,
SystemEvents.A2A_HEALTH_CHECK_COMPLETED,INFO,src/muxi/formation/overlord/overlord.py:1204,Registry health check complete: {healthy_count}/{len(health_status)} healthy,src/muxi/formation/overlord/overlord.py,1204,OK - No issues identified,,
SystemEvents.A2A_HEALTH_CHECK_COMPLETED,INFO,src/muxi/services/a2a/registry_client.py:342,Registry health check {'passed' if is_healthy else 'failed'} (SDK): {registry_url},src/muxi/services/a2a/registry_client.py,342,OK - No issues identified,,
SystemEvents.A2A_HEALTH_CHECK_COMPLETED,INFO,src/muxi/services/a2a/registry_client.py:580,Health check completed for all registries (SDK),src/muxi/services/a2a/registry_client.py,580,OK - No issues identified,,
SystemEvents.A2A_HEALTH_CHECK_COMPLETED,WARNING,src/muxi/services/a2a/discovery.py:620,A2A agent health check completed with non-200 status,src/muxi/services/a2a/discovery.py,620,OK - No issues identified,,
SystemEvents.A2A_HEALTH_CHECK_FAILED,ERROR,src/muxi/services/a2a/registry_client.py:357,Health check failed for registry (SDK): {registry_url},src/muxi/services/a2a/registry_client.py,357,OK - No issues identified,,
SystemEvents.A2A_HEALTH_CHECK_FAILED,WARNING,src/muxi/services/a2a/discovery.py:639,A2A agent health check failed,src/muxi/services/a2a/discovery.py,639,OK - No issues identified,,
SystemEvents.A2A_HEALTH_CHECK_STARTED,DEBUG,src/muxi/services/a2a/discovery.py:567,A2A agent health check started,src/muxi/services/a2a/discovery.py,567,OK - No issues identified,,
SystemEvents.A2A_HEALTH_CHECK_STARTED,DEBUG,src/muxi/services/a2a/discovery.py:657,A2A health check loop iteration started,src/muxi/services/a2a/discovery.py,657,OK - No issues identified,,
SystemEvents.A2A_HEALTH_CHECK_STARTED,DEBUG,src/muxi/services/a2a/registry_client.py:293,Starting health check for registry (SDK): {registry_url},src/muxi/services/a2a/registry_client.py,293,OK - No issues identified,,
SystemEvents.A2A_HEALTH_CHECK_STARTED,DEBUG,src/muxi/services/a2a/registry_client.py:1222,Registry status requested (SDK),src/muxi/services/a2a/registry_client.py,1222,OK - No issues identified,,
SystemEvents.A2A_HEALTH_CHECK_STARTED,DEBUG,src/muxi/services/a2a/registry_client.py:1297,Registry client stats requested (SDK),src/muxi/services/a2a/registry_client.py,1297,OK - No issues identified,,
SystemEvents.A2A_HEALTH_CHECK_STARTED,INFO,src/muxi/services/a2a/registry_client.py:558,Starting health check for all {len(self.registries)} registries (SDK),src/muxi/services/a2a/registry_client.py,558,OK - No issues identified,,
SystemEvents.A2A_HEALTH_CHECK_STARTED,WARNING,src/muxi/services/a2a/registry_client.py:549,No registries configured for health check (SDK),src/muxi/services/a2a/registry_client.py,549,OK - No issues identified,,
SystemEvents.A2A_MESSAGE_FAILED,ERROR,src/muxi/formation/overlord/a2a_coordinator.py:923,Failed to route message to external agent: {str(e)},src/muxi/formation/overlord/a2a_coordinator.py,923,OK - No issues identified,,
SystemEvents.A2A_MESSAGE_PARSING,DEBUG,src/muxi/services/a2a/server.py:250,"Legacy message format parsing failed, attempting SDK format",src/muxi/services/a2a/server.py,250,OK - No issues identified,,
SystemEvents.A2A_REGISTERED,DEBUG,src/muxi/services/a2a/registry_client.py:1249,Registered agents list requested (SDK),src/muxi/services/a2a/registry_client.py,1249,OK - No issues identified,,
SystemEvents.A2A_REGISTERED,INFO,src/muxi/services/a2a/registry_client.py:701,Agent {agent_card.name} registered successfully with {registry_url} (SDK),src/muxi/services/a2a/registry_client.py,701,OK - No issues identified,,
SystemEvents.A2A_REGISTERED,INFO,src/muxi/services/a2a/registry_client.py:815,Agent registration completed for {agent_card.name} (SDK),src/muxi/services/a2a/registry_client.py,815,OK - No issues identified,,
SystemEvents.A2A_REGISTERED,INFO,src/muxi/services/a2a/registry_client.py:915,Agent deregistered successfully from {registry_url} (SDK),src/muxi/services/a2a/registry_client.py,915,OK - No issues identified,,
SystemEvents.A2A_REGISTERED,INFO,src/muxi/services/a2a/registry_client.py:973,Agent deregistration completed for {agent_url} (SDK),src/muxi/services/a2a/registry_client.py,973,OK - No issues identified,,
SystemEvents.A2A_REGISTRATION_COMPLETED,INFO,src/muxi/services/a2a/discovery.py:273,A2A agent registration completed,src/muxi/services/a2a/discovery.py,273,OK - No issues identified,,
SystemEvents.A2A_REGISTRATION_FAILED,ERROR,src/muxi/services/a2a/registry_client.py:646,Agent registration failed for {agent_card.name} (SDK): {str(e)},src/muxi/services/a2a/registry_client.py,646,OK - No issues identified,,
SystemEvents.A2A_REGISTRATION_FAILED,ERROR,src/muxi/services/a2a/registry_client.py:741,Agent registration error for {agent_card.name} on {registry_url} (SDK),src/muxi/services/a2a/registry_client.py,741,OK - No issues identified,,
SystemEvents.A2A_REGISTRATION_FAILED,ERROR,src/muxi/services/a2a/registry_client.py:954,Agent deregistration error from {registry_url} (SDK),src/muxi/services/a2a/registry_client.py,954,OK - No issues identified,,
SystemEvents.A2A_REGISTRATION_FAILED,WARNING,src/muxi/services/a2a/registry_client.py:765,No registries configured for agent {agent_card.name} (SDK),src/muxi/services/a2a/registry_client.py,765,OK - No issues identified,,
SystemEvents.A2A_REGISTRATION_FAILED,WARNING,src/muxi/services/a2a/registry_client.py:866,No registrations found for agent (SDK): {agent_url},src/muxi/services/a2a/registry_client.py,866,OK - No issues identified,,
SystemEvents.A2A_REGISTRY_CLIENT_INITIALIZED,INFO,src/muxi/services/a2a/client.py:85,A2A SDK client initialized with URL: {url},src/muxi/services/a2a/client.py,85,OK - No issues identified,,
SystemEvents.A2A_REGISTRY_CONNECTED,INFO,src/muxi/formation/overlord/overlord.py:1116,f-string: A2A registry client initialized with {len(registry_urls)} registries,src/muxi/formation/overlord/overlord.py,1116,MISSING DESCRIPTION - Add meaningful description,,
SystemEvents.A2A_REGISTRY_CONNECTED,INFO,src/muxi/services/a2a/registry_client.py:103,A2A Registry Client (SDK) initialized with {len(self.registries)} registries,src/muxi/services/a2a/registry_client.py,103,OK - No issues identified,,
SystemEvents.A2A_REGISTRY_CONNECTED,INFO,src/muxi/services/a2a/registry_client.py:186,Added registry (SDK): {registry_url},src/muxi/services/a2a/registry_client.py,186,OK - No issues identified,,
SystemEvents.A2A_REGISTRY_CONNECTED,INFO,src/muxi/services/a2a/registry_client.py:403,Checking registries with {startup_policy} policy,src/muxi/services/a2a/registry_client.py,403,OK - No issues identified,,
SystemEvents.A2A_REGISTRY_CONNECTED,INFO,src/muxi/services/a2a/registry_client.py:483,All required registries are healthy,src/muxi/services/a2a/registry_client.py,483,OK - No issues identified,,
SystemEvents.A2A_REGISTRY_CONNECTED,WARNING,src/muxi/services/a2a/registry_client.py:198,Registry already exists (SDK): {registry_url},src/muxi/services/a2a/registry_client.py,198,OK - No issues identified,,
SystemEvents.A2A_REGISTRY_CONNECTED,WARNING,src/muxi/services/a2a/registry_client.py:520,"Unknown startup policy '{startup_policy}', defaulting to lenient",src/muxi/services/a2a/registry_client.py,520,OK - No issues identified,,
SystemEvents.A2A_REGISTRY_DISCONNECTED,INFO,src/muxi/services/a2a/registry_client.py:142,A2A Registry Client (SDK) closed,src/muxi/services/a2a/registry_client.py,142,OK - No issues identified,,
SystemEvents.A2A_REGISTRY_DISCONNECTED,INFO,src/muxi/services/a2a/registry_client.py:238,Removed registry (SDK): {registry_url},src/muxi/services/a2a/registry_client.py,238,OK - No issues identified,,
SystemEvents.A2A_REGISTRY_DISCONNECTED,WARNING,src/muxi/services/a2a/registry_client.py:250,Registry not found for removal (SDK): {registry_url},src/muxi/services/a2a/registry_client.py,250,OK - No issues identified,,
SystemEvents.A2A_REGISTRY_DISCONNECTED,WARNING,src/muxi/services/a2a/registry_client.py:423,Registry {registry_url} is unreachable (lenient mode - continuing),src/muxi/services/a2a/registry_client.py,423,OK - No issues identified,,
SystemEvents.A2A_SERVER_FAILED,ERROR,src/muxi/formation/overlord/a2a_coordinator.py:253,Failed to start A2A server: {str(e)},src/muxi/formation/overlord/a2a_coordinator.py,253,OK - No issues identified,,
SystemEvents.A2A_SERVER_FAILED,ERROR,src/muxi/services/a2a/server.py:133,Failed to initialize SDK A2A Formation Server: {str(e)},src/muxi/services/a2a/server.py,133,OK - No issues identified,,
SystemEvents.A2A_SERVER_FAILED,ERROR,src/muxi/services/a2a/server.py:717,Failed to start SDK A2A Formation Server: {str(e)},src/muxi/services/a2a/server.py,717,OK - No issues identified,,
SystemEvents.A2A_SERVER_STARTED,INFO,src/muxi/formation/overlord/a2a_coordinator.py:235,A2A server started successfully on {self.server_host}:{self.server_port},src/muxi/formation/overlord/a2a_coordinator.py,235,OK - No issues identified,,
SystemEvents.A2A_SERVER_STARTED,INFO,src/muxi/services/a2a/server.py:118,Initialized SDK-compatible A2A Formation Server for '{formation_name}' on port {port},src/muxi/services/a2a/server.py,118,OK - No issues identified,,
SystemEvents.A2A_SERVER_STARTED,INFO,src/muxi/services/a2a/server.py:276,SDK A2A Formation Server FastAPI app created,src/muxi/services/a2a/server.py,276,OK - No issues identified,,
SystemEvents.A2A_SERVER_STARTED,INFO,src/muxi/services/a2a/server.py:703,SDK A2A Formation Server started on {self.host}:{self.port},src/muxi/services/a2a/server.py,703,OK - No issues identified,,
SystemEvents.A2A_SERVER_STOPPED,INFO,src/muxi/services/a2a/server.py:744,SDK A2A Formation Server stopped,src/muxi/services/a2a/server.py,744,OK - No issues identified,,
SystemEvents.AGENT_ADDED,INFO,src/muxi/formation/overlord/overlord.py:3167,Agent '{agent_id}' successfully added to overlord at runtime,src/muxi/formation/overlord/overlord.py,3167,OK - No issues identified,,
SystemEvents.AGENT_ADDED,INFO,src/muxi/formation/server/routes/admin/agents.py:316,f-string: Agent '{agent_config['id']}' (name: {agent_config['name']}) added via API,src/muxi/formation/server/routes/admin/agents.py,316,OK - No issues identified,,
SystemEvents.AGENT_DEREGISTRATION_COMPLETED,DEBUG,src/muxi/formation/overlord/overlord.py:3387,Successfully deregistered agent {agent_id} from external registry,src/muxi/formation/overlord/overlord.py,3387,OK - No issues identified,,
SystemEvents.AGENT_FAILED,WARNING,src/muxi/formation/overlord/overlord.py:1585,Failed to load MUXI default agent from {agent_file.name}: {e},src/muxi/formation/overlord/overlord.py,1585,OK - No issues identified,,
SystemEvents.AGENT_INITIALIZATION_ERROR,ERROR,src/muxi/formation/agents/agent.py:321,Failed to initialize knowledge for agent {self.agent_id}: {str(e)},src/muxi/formation/agents/agent.py,321,OK - No issues identified,,
SystemEvents.AGENT_INITIALIZED,DEBUG,src/muxi/formation/initialization.py:885,Agent '{agent_id}' configuration processed,src/muxi/formation/initialization.py,885,OK - No issues identified,,
SystemEvents.AGENT_INITIALIZED,DEBUG,src/muxi/formation/overlord/overlord.py:1555,User-defined agent '{agent_id}' takes precedence over MUXI default,src/muxi/formation/overlord/overlord.py,1555,OK - No issues identified,,
SystemEvents.AGENT_INITIALIZED,ERROR,src/muxi/formation/initialization.py:897,Failed to process agent configuration: {str(e)},src/muxi/formation/initialization.py,897,OK - No issues identified,,
SystemEvents.AGENT_INITIALIZED,ERROR,src/muxi/formation/overlord/overlord.py:1505,Failed to load agent: {str(e)},src/muxi/formation/overlord/overlord.py,1505,OK - No issues identified,,
SystemEvents.AGENT_INITIALIZED,INFO,src/muxi/formation/agents/agent.py:195,Agent initialized: {self.agent_id},src/muxi/formation/agents/agent.py,195,OK - No issues identified,,
SystemEvents.AGENT_INITIALIZED,INFO,src/muxi/formation/agents/agent.py:307,Knowledge handler initialized for agent {self.agent_id},src/muxi/formation/agents/agent.py,307,OK - No issues identified,,
SystemEvents.AGENT_INITIALIZED,INFO,src/muxi/formation/overlord/overlord.py:1493,Agent '{agent_id}' loaded successfully,src/muxi/formation/overlord/overlord.py,1493,OK - No issues identified,,
SystemEvents.AGENT_INITIALIZED,INFO,src/muxi/formation/overlord/overlord.py:1576,Loaded MUXI default agent: {agent_id},src/muxi/formation/overlord/overlord.py,1576,OK - No issues identified,,
SystemEvents.AGENT_INITIALIZED,INFO,src/muxi/formation/overlord/overlord.py:3452,Agent '{agent_id}' successfully deleted,src/muxi/formation/overlord/overlord.py,3452,OK - No issues identified,,
SystemEvents.AGENT_INITIALIZED,WARNING,src/muxi/formation/initialization.py:871,Skipping agent without ID,src/muxi/formation/initialization.py,871,OK - No issues identified,,
SystemEvents.AGENT_REGISTRATION_FAILED,ERROR,src/muxi/formation/agents/agent.py:4147,Failed to register expertise: {str(e)},src/muxi/formation/agents/agent.py,4147,OK - No issues identified,,
SystemEvents.AGENT_REMOVED,INFO,src/muxi/formation/overlord/overlord.py:3365,Agent '{agent_id}' marked for deletion - will be removed when current request completes,src/muxi/formation/overlord/overlord.py,3365,OK - No issues identified,,
SystemEvents.AGENT_REMOVED,INFO,src/muxi/formation/overlord/overlord.py:3372,Agent '{agent_id}' removed immediately (not busy),src/muxi/formation/overlord/overlord.py,3372,OK - No issues identified,,
SystemEvents.AGENT_REMOVED,INFO,src/muxi/formation/server/routes/admin/agents.py:481,f-string: Agent '{agent_id}' removed via API,src/muxi/formation/server/routes/admin/agents.py,481,OK - No issues identified,,
SystemEvents.AGENT_UPDATED,INFO,src/muxi/formation/server/routes/admin/agents.py:411,"f-string: Agent '{agent_id}' updated via API (fields: {', '.join(list(update_data.keys()))})",src/muxi/formation/server/routes/admin/agents.py,411,OK - No issues identified,,
SystemEvents.BUILTIN_MCP_INITIALIZATION_FAILED,ERROR,src/muxi/formation/overlord/overlord.py:10117,Failed to initialize built-in MCP prompts: {e},src/muxi/formation/overlord/overlord.py,10117,OK - No issues identified,,
SystemEvents.BUILTIN_MCP_PROMPT_LOAD_FAILED,WARNING,src/muxi/formation/overlord/overlord.py:10101,Failed to load system prompt for built-in MCP '{mcp_name}': {e},src/muxi/formation/overlord/overlord.py,10101,OK - No issues identified,,
SystemEvents.CIRCUIT_BREAKER_FAILURE_RECORDED,DEBUG,src/muxi/formation/resilience/error_classifier.py:224,Classified error: {error_type.value} (severity: {severity.value}),src/muxi/formation/resilience/error_classifier.py,224,OK - No issues identified,,
SystemEvents.CIRCUIT_BREAKER_FAILURE_RECORDED,WARNING,src/muxi/formation/resilience/circuit_breaker.py:214,"Circuit breaker '{self.name}' recorded failure: {error} (execution_time: {execution_time:.2f}s, failures: {self.state.failure_count})",src/muxi/formation/resilience/circuit_breaker.py,214,OK - No issues identified,,
SystemEvents.CIRCUIT_BREAKER_FALLBACK_TRIGGERED,WARNING,src/muxi/formation/resilience/circuit_breaker.py:75,Circuit breaker '{self.name}' triggered fallback (state: {self.state.state.value}),src/muxi/formation/resilience/circuit_breaker.py,75,OK - No issues identified,,
SystemEvents.CIRCUIT_BREAKER_FALLBACK_TRIGGERED,WARNING,src/muxi/formation/resilience/fallback_manager.py:65,Generated error message as final fallback for workflow '{workflow}',src/muxi/formation/resilience/fallback_manager.py,65,OK - No issues identified,,
SystemEvents.CIRCUIT_BREAKER_FORCED_OPEN,WARNING,src/muxi/formation/resilience/circuit_breaker.py:312,Circuit breaker '{self.name}' was manually forced open,src/muxi/formation/resilience/circuit_breaker.py,312,OK - No issues identified,,
SystemEvents.CIRCUIT_BREAKER_OPENED,WARNING,src/muxi/formation/resilience/circuit_breaker.py:234,Circuit breaker '{self.name}' opened due to {self.state.failure_count} failures. Will attempt recovery at {time.ctime(self.state.next_attempt_time)},src/muxi/formation/resilience/circuit_breaker.py,234,OK - No issues identified,,
SystemEvents.CLEANUP,DEBUG,src/muxi/formation/artifacts/extractor.py:263,Cleaned up temporary file: {file_path},src/muxi/formation/artifacts/extractor.py,263,OK - No issues identified,,
SystemEvents.CLEANUP,DEBUG,src/muxi/formation/artifacts/extractor.py:319,Cleaned up empty muxi_artifacts directory,src/muxi/formation/artifacts/extractor.py,319,OK - No issues identified,,
SystemEvents.CLEANUP,ERROR,src/muxi/formation/formation.py:3060,FORMATION KILLED - EMERGENCY EXIT WITH CODE {code},src/muxi/formation/formation.py,3060,OK - No issues identified,,
SystemEvents.CLEANUP,INFO,src/muxi/formation/formation.py:2746,Database engine disposed during Formation shutdown,src/muxi/formation/formation.py,2746,OK - No issues identified,,
SystemEvents.CLEANUP,INFO,src/muxi/formation/formation.py:3308,Stopping Formation API server during formation cleanup,src/muxi/formation/formation.py,3308,OK - No issues identified,,
SystemEvents.CLEANUP,INFO,src/muxi/formation/server/server.py:247,Formation server shutting down - draining connections,src/muxi/formation/server/server.py,247,OK - No issues identified,,
SystemEvents.CLEANUP,INFO,src/muxi/formation/server/server.py:261,Waiting for {len(self._active_connections)} active connections to complete,src/muxi/formation/server/server.py,261,OK - No issues identified,,
SystemEvents.CLEANUP,INFO,src/muxi/formation/server/server.py:294,All connections drained successfully,src/muxi/formation/server/server.py,294,OK - No issues identified,,
SystemEvents.CLEANUP,INFO,src/muxi/formation/server/server.py:618,"Received signal {sig_num}, initiating graceful shutdown",src/muxi/formation/server/server.py,618,OK - No issues identified,,
SystemEvents.CLEANUP,INFO,src/muxi/formation/server/server.py:639,"Received signal {sig_num}, initiating shutdown",src/muxi/formation/server/server.py,639,OK - No issues identified,,
SystemEvents.CLEANUP,INFO,src/muxi/formation/server/server.py:683,Stopping Formation API server,src/muxi/formation/server/server.py,683,OK - No issues identified,,
SystemEvents.CLEANUP,INFO,src/muxi/formation/server/server.py:720,Formation API server stopped successfully,src/muxi/formation/server/server.py,720,OK - No issues identified,,
SystemEvents.CLEANUP,INFO,src/muxi/utils/run_formation.py:91,Shutting down formation due to keyboard interrupt...,src/muxi/utils/run_formation.py,91,OK - No issues identified,,
SystemEvents.CLEANUP,INFO,src/muxi/utils/run_formation.py:233,Formation stopped successfully,src/muxi/utils/run_formation.py,233,OK - No issues identified,,
SystemEvents.CLEANUP,WARNING,src/muxi/formation/formation.py:3326,Error stopping Formation API server during cleanup: {e},src/muxi/formation/formation.py,3326,OK - No issues identified,,
SystemEvents.CLEANUP,WARNING,src/muxi/formation/server/server.py:282,Shutdown timeout reached - {remaining_connections} connections still active,src/muxi/formation/server/server.py,282,OK - No issues identified,,
SystemEvents.CLEANUP,WARNING,src/muxi/formation/server/server.py:704,"Server shutdown timed out after 30 seconds, forcing cancellation",src/muxi/formation/server/server.py,704,OK - No issues identified,,
SystemEvents.COMPONENT_INITIALIZATION_FAILED,WARNING,src/muxi/formation/overlord/a2a_coordinator.py:77,A2A filtering enabled but missing dependencies,src/muxi/formation/overlord/a2a_coordinator.py,77,OK - No issues identified,,
SystemEvents.CONFIG_FORMATION_LOADED,DEBUG,src/muxi/formation/initialization.py:848,Processing {len(formation._agents_config)} agents from configuration,src/muxi/formation/initialization.py,848,OK - No issues identified,,
SystemEvents.CONFIG_FORMATION_LOADED,DEBUG,src/muxi/formation/overlord/overlord.py:1437,Starting agent loading from formation,src/muxi/formation/overlord/overlord.py,1437,OK - No issues identified,,
SystemEvents.CONFIG_FORMATION_LOADED,DEBUG,src/muxi/formation/overlord/overlord.py:1447,Found {len(agents_config)} agents in formation configuration,src/muxi/formation/overlord/overlord.py,1447,OK - No issues identified,,
SystemEvents.CONFIG_FORMATION_LOADED,INFO,src/muxi/formation/config/document_processing.py:30,Using document model from formation config,src/muxi/formation/config/document_processing.py,30,OK - No issues identified,,
SystemEvents.CONFIG_FORMATION_LOADED,INFO,src/muxi/formation/config/document_processing.py:38,Using default document model configuration,src/muxi/formation/config/document_processing.py,38,OK - No issues identified,,
SystemEvents.CONFIG_FORMATION_LOADED,INFO,src/muxi/formation/initialization.py:857,No agents configured in formation,src/muxi/formation/initialization.py,857,OK - No issues identified,,
SystemEvents.CONFIG_FORMATION_LOADED,INFO,src/muxi/formation/initialization.py:905,Processed {processed_count} agent configurations,src/muxi/formation/initialization.py,905,OK - No issues identified,,
SystemEvents.CONFIG_FORMATION_LOADED,INFO,src/muxi/formation/overlord/overlord.py:1456,No agents configured in formation,src/muxi/formation/overlord/overlord.py,1456,OK - No issues identified,,
SystemEvents.CONFIG_FORMATION_LOADED,INFO,src/muxi/formation/overlord/overlord.py:1513,Loaded {loaded_count} agents from formation configuration,src/muxi/formation/overlord/overlord.py,1513,OK - No issues identified,,
SystemEvents.CONFIG_FORMATION_LOADED,INFO,src/muxi/formation/overlord/overlord.py:1617,Set muxi-generalist as default fallback agent,src/muxi/formation/overlord/overlord.py,1617,OK - No issues identified,,
SystemEvents.CONFIG_FORMATION_LOADED,INFO,src/muxi/formation/server/routes/admin/secrets.py:119,Secret '{secret.key}' created successfully,src/muxi/formation/server/routes/admin/secrets.py,119,OK - No issues identified,,
SystemEvents.CONFIG_FORMATION_LOADED,INFO,src/muxi/formation/server/routes/admin/secrets.py:166,Secret '{key}' updated successfully,src/muxi/formation/server/routes/admin/secrets.py,166,OK - No issues identified,,
SystemEvents.CONFIG_FORMATION_LOADED,INFO,src/muxi/formation/server/routes/admin/secrets.py:223,Secret '{key}' deleted successfully,src/muxi/formation/server/routes/admin/secrets.py,223,OK - No issues identified,,
SystemEvents.CREDENTIAL_UPDATE,INFO,src/muxi/formation/overlord/overlord.py:9792,Successfully stored {service} credentials for user,src/muxi/formation/overlord/overlord.py,9792,OK - No issues identified,,
SystemEvents.CRON_EXPRESSION_FIXED,INFO,src/muxi/services/scheduler/parser.py:864,Fixed invalid cron expression from LLM,src/muxi/services/scheduler/parser.py,864,OK - No issues identified,,
SystemEvents.DATABASE_MANAGER_INITIALIZED,INFO,src/muxi/services/db.py:153,Database manager initialized with {self.database_type} (async support enabled),src/muxi/services/db.py,153,OK - No issues identified,,
SystemEvents.DATABASE_TABLES_CREATED,INFO,src/muxi/formation/initialization.py:516,All database tables created successfully,src/muxi/formation/initialization.py,516,OK - No issues identified,,
SystemEvents.DATABASE_TABLES_CREATED,INFO,src/muxi/services/db.py:401,Database tables created successfully,src/muxi/services/db.py,401,OK - No issues identified,,
SystemEvents.DATABASE_TABLES_CREATED,INFO,src/muxi/services/db.py:451,Database tables created successfully (async),src/muxi/services/db.py,451,OK - No issues identified,,
SystemEvents.DATABASE_TYPE_FALLBACK,WARNING,src/muxi/services/db.py:215,"Unknown database scheme '{scheme}', falling back to SQLite",src/muxi/services/db.py,215,OK - No issues identified,,
SystemEvents.DOCUMENT_PROCESSING_FAILED,ERROR,src/muxi/formation/documents/experience/summarizer.py:95,Failed to summarize document,src/muxi/formation/documents/experience/summarizer.py,95,OK - No issues identified,,
SystemEvents.DOCUMENT_PROCESSING_FAILED,ERROR,src/muxi/formation/documents/experience/summarizer.py:146,Failed to summarize individual document in batch,src/muxi/formation/documents/experience/summarizer.py,146,OK - No issues identified,,
SystemEvents.DOCUMENT_PROCESSING_FAILED,ERROR,src/muxi/formation/documents/experience/summarizer.py:347,Failed to generate cross-document insights,src/muxi/formation/documents/experience/summarizer.py,347,OK - No issues identified,,
SystemEvents.DOCUMENT_PROCESSING_FAILED,ERROR,src/muxi/formation/documents/experience/summarizer.py:374,Failed to summarize content batch {batch_id},src/muxi/formation/documents/experience/summarizer.py,374,OK - No issues identified,,
SystemEvents.DOCUMENT_PROCESSING_FAILED,ERROR,src/muxi/formation/documents/workflow/workflow_integrator.py:181,Failed to generate tasks for document category {category},src/muxi/formation/documents/workflow/workflow_integrator.py,181,OK - No issues identified,,
SystemEvents.DOCUMENT_PROCESSING_FAILED,ERROR,src/muxi/formation/documents/workflow/workflow_integrator.py:266,Failed to enrich workflow with document insights,src/muxi/formation/documents/workflow/workflow_integrator.py,266,OK - No issues identified,,
SystemEvents.DOCUMENT_PROCESSING_FAILED,ERROR,src/muxi/formation/documents/workflow/workflow_integrator.py:316,Failed to generate follow-up suggestions for document,src/muxi/formation/documents/workflow/workflow_integrator.py,316,OK - No issues identified,,
SystemEvents.DOCUMENT_PROCESSING_FAILED,ERROR,src/muxi/formation/documents/workflow/workflow_integrator.py:354,Failed to generate {category} tasks for document,src/muxi/formation/documents/workflow/workflow_integrator.py,354,OK - No issues identified,,
SystemEvents.DOCUMENT_PROCESSING_FAILED,ERROR,src/muxi/formation/overlord/overlord.py:3992,Document processing failed during upload phase,src/muxi/formation/overlord/overlord.py,3992,OK - No issues identified,,
SystemEvents.DOCUMENT_PROCESSING_FAILED,ERROR,src/muxi/formation/overlord/overlord.py:4252,"Failed to process document '{attachment.get('filename', 'unknown')}'",src/muxi/formation/overlord/overlord.py,4252,OK - No issues identified,,
SystemEvents.DOCUMENT_PROCESSING_FAILED,ERROR,src/muxi/formation/overlord/overlord.py:4297,Failed to generate document acknowledgment,src/muxi/formation/overlord/overlord.py,4297,OK - No issues identified,,
SystemEvents.DOCUMENT_PROCESSING_FAILED,ERROR,src/muxi/formation/overlord/overlord.py:4384,Failed to integrate documents into workflow,src/muxi/formation/overlord/overlord.py,4384,OK - No issues identified,,
SystemEvents.ERROR,ERROR,src/muxi/formation/server/routes/health.py:35,f-string: Error checking formation health: {str(e)},src/muxi/formation/server/routes/health.py,35,OK - No issues identified,,
SystemEvents.EXTENSION_FAILED,DEBUG,src/muxi/formation/credentials/handler.py:900,"LLM help generation failed, using inline fallback: {e}",src/muxi/formation/credentials/handler.py,900,OK - No issues identified,,
SystemEvents.EXTENSION_FAILED,DEBUG,src/muxi/formation/workflow/decomposer.py:382,Failed to serialize context for decomposition: {str(e)},src/muxi/formation/workflow/decomposer.py,382,OK - No issues identified,,
SystemEvents.EXTENSION_FAILED,ERROR,src/muxi/formation/overlord/overlord.py:2714,"Could not initialize any extraction model, disabling auto-extraction",src/muxi/formation/overlord/overlord.py,2714,OK - No issues identified,,
SystemEvents.EXTENSION_FAILED,ERROR,src/muxi/services/memory/extractor.py:263,Memory extractor failed to generate extraction response from model,src/muxi/services/memory/extractor.py,263,OK - No issues identified,,
SystemEvents.EXTENSION_FAILED,ERROR,src/muxi/services/memory/extractor.py:590,Memory extractor failed to store extracted information in long-term memory,src/muxi/services/memory/extractor.py,590,OK - No issues identified,,
SystemEvents.EXTENSION_FAILED,WARNING,src/muxi/formation/credentials/resolver.py:128,Failed to parse credential JSON for {credentials[0].name}: {str(e)},src/muxi/formation/credentials/resolver.py,128,OK - No issues identified,,
SystemEvents.EXTENSION_FAILED,WARNING,src/muxi/formation/credentials/resolver.py:154,Failed to parse credential JSON for {cred.name}: {str(e)},src/muxi/formation/credentials/resolver.py,154,OK - No issues identified,,
SystemEvents.EXTENSION_FAILED,WARNING,src/muxi/formation/overlord/overlord.py:2655,"Failed to initialize extraction model, will try fallback: {str(e)}",src/muxi/formation/overlord/overlord.py,2655,OK - No issues identified,,
SystemEvents.EXTENSION_LISTED,DEBUG,src/muxi/extensions/base.py:209,"f-string: Extension listing completed, found {len(extension_names",src/muxi/extensions/base.py,209,MISSING DESCRIPTION - Add meaningful description,,
SystemEvents.EXTENSION_LISTING_FAILED,ERROR,src/muxi/extensions/base.py:178,Extension lookup failed for name: {name}: {str(e)},src/muxi/extensions/base.py,178,OK - No issues identified,,
SystemEvents.EXTENSION_LISTING_FAILED,ERROR,src/muxi/extensions/base.py:225,Extension listing failed: {str(e)},src/muxi/extensions/base.py,225,OK - No issues identified,,
SystemEvents.EXTENSION_LOADED,ERROR,src/muxi/extensions/base.py:103,f-string: Extension registration failed for {extension_cls.__name__}: {error_msg},src/muxi/extensions/base.py,103,MISSING DESCRIPTION - Add meaningful description,,
SystemEvents.EXTENSION_LOADED,ERROR,src/muxi/extensions/base.py:140,f-string: Extension registration failed for {extension_cls.__name__}: {str(e,src/muxi/extensions/base.py,140,MISSING DESCRIPTION - Add meaningful description,,
SystemEvents.EXTENSION_LOADED,ERROR,src/muxi/extensions/base.py:256,f-string: Extension initialization failed for {cls.__name__}: {error_msg},src/muxi/extensions/base.py,256,MISSING DESCRIPTION - Add meaningful description,,
SystemEvents.EXTENSION_LOADED,ERROR,src/muxi/extensions/base.py:276,f-string: Extension initialization failed for {cls.__name__}: {str(e,src/muxi/extensions/base.py,276,MISSING DESCRIPTION - Add meaningful description,,
SystemEvents.EXTENSION_LOADED,INFO,src/muxi/extensions/base.py:123,Extension registration completed for {extension_cls.__name__},src/muxi/extensions/base.py,123,OK - No issues identified,,
SystemEvents.FILE_OPERATION_FAILED,WARNING,src/muxi/formation/server/routes/admin/agents.py:204,"Failed to delete agent file for '{agent_id}', but agent was removed from config",src/muxi/formation/server/routes/admin/agents.py,204,OK - No issues identified,,
SystemEvents.INITIALIZING,DEBUG,src/muxi/formation/artifacts/extractor.py:41,No tool results provided for artifact extraction,src/muxi/formation/artifacts/extractor.py,41,REMOVE - DEBUG runtime trace (not initialization),remove,done
SystemEvents.INITIALIZING,DEBUG,src/muxi/formation/initialization.py:277,Working memory configured in {config.mode} mode,src/muxi/formation/initialization.py,277,KEEP - Working memory config (distinct from buffer/persistent),why not convert this into an init print?,done
SystemEvents.INITIALIZING,DEBUG,src/muxi/formation/initialization.py:765,Clarification configuration initialized,src/muxi/formation/initialization.py,765,KEEP - Clarification config not in InitEventFormatter,remove,done
SystemEvents.INITIALIZING,DEBUG,src/muxi/formation/overlord/overlord.py:2738,Collection '{collection_name}' registered: {description},src/muxi/formation/overlord/overlord.py,2738,REMOVE - DEBUG runtime trace (collection registration),remove,done
SystemEvents.INITIALIZING,DEBUG,src/muxi/formation/overlord/overlord.py:2751,Collection '{collection_name}' registered: {description},src/muxi/formation/overlord/overlord.py,2751,REMOVE - DEBUG runtime trace (collection registration),remove,done
SystemEvents.INITIALIZING,DEBUG,src/muxi/formation/overlord/overlord.py:4188,Using fallback chunking for {filename},src/muxi/formation/overlord/overlord.py,4188,REMOVE - DEBUG runtime trace (file processing),remove,done
SystemEvents.INITIALIZING,DEBUG,src/muxi/services/memory/long_term.py:207,Lazily initialized embedding model: {self._embedding_model_name},src/muxi/services/memory/long_term.py,207,REMOVE - DEBUG runtime trace (lazy loading),remove,done
SystemEvents.INITIALIZING,ERROR,src/muxi/formation/initialization.py:636,Failed to initialize MCP service: {str(e)},src/muxi/formation/initialization.py,636,CONVERT to ErrorEvents.MCP_INITIALIZATION_FAILED (ERROR using INITIALIZING),"aren't we ""failing fast"" during init? Why do we need this?",done
SystemEvents.INITIALIZING,INFO,src/muxi/formation/formation.py:1268,All Formation services initialized successfully,src/muxi/formation/formation.py,1268,REMOVE - Redundant (InitEventFormatter section 10: Formation ready),remove,done
SystemEvents.INITIALIZING,INFO,src/muxi/formation/formation.py:3146,Replacing existing stopped server instance,src/muxi/formation/formation.py,3146,KEEP - Runtime event (not startup),remove,done
SystemEvents.INITIALIZING,INFO,src/muxi/formation/formation.py:3177,Starting Formation API server on {actual_host}:{actual_port},src/muxi/formation/formation.py,3177,KEEP - Runtime event (not startup),remove,done
SystemEvents.INITIALIZING,INFO,src/muxi/formation/formation.py:3192,Auto-starting overlord for Formation API server,src/muxi/formation/formation.py,3192,KEEP - Runtime event (not startup),remove,done
